UniversalName,N,InfectsHumans,BagScore_Lower,BagScore_Upper,BagScore
Adeno-associated dependoparvovirus A,100,True,0.2695170097847855,0.371024112305274,0.29496049888371173
Adeno-associated dependoparvovirus B,100,True,0.26947419177369275,0.36525903513046165,0.3021214541029993
Aedes pseudoscutellaris reovirus,100,False,0.2756184219625487,0.30754453708224594,0.2883074911745759
African green monkey simian foamy virus,100,True,0.2613829694893976,0.38218791114578,0.30383140286438115
African horse sickness virus,100,False,0.26172884943378366,0.37779148660710005,0.2980388885044761
African pouched rat arterivirus,100,False,0.26964848202639,0.28957400223508134,0.28040782130318387
African swine fever virus,100,False,0.2721836203835202,0.3591984116925049,0.2975334295903755
Aichivirus A,100,True,0.26598982923379433,0.3607566580407418,0.29742766432653556
Aichivirus B,100,False,0.2642190074535078,0.36629770207739876,0.29844452311372427
Aichivirus C,100,False,0.2653416570184328,0.34458757846126636,0.29173993590989167
Aichivirus D,100,False,0.26112527495273785,0.3449996805557234,0.2913992066968121
Aichivirus E,100,False,0.26452182472476327,0.3812456535050322,0.2983382143693281
Aichivirus F,100,False,0.26495936737917053,0.38137486111090524,0.30477063528673204
Alcelaphine gammaherpesvirus 1,100,False,0.265945212763509,0.3850698438906125,0.309106947877086
Alethinophid 2 reptarenavirus,100,False,0.2569967665547479,0.39682027314504076,0.3040312918739549
Alethinophid 3 reptarenavirus,100,False,0.25712248414420585,0.3876756945709608,0.3006401183855882
Alfalfa dwarf cytorhabdovirus,100,False,0.2712958514018827,0.2893488830214342,0.2802333206432331
Allpahuayo mammarenavirus,100,False,0.25626265231442813,0.3646935111152648,0.29472423693281824
Almpiwar sripuvirus,100,False,0.24637311436151255,0.3047162233251136,0.2677354480497455
Alphapapillomavirus 1,100,True,0.2666325128931981,0.47415105541875163,0.33329854929159136
Alphapapillomavirus 11,100,True,0.2624980933398766,0.4633021112932684,0.31842092530136307
Alphapapillomavirus 12,100,False,0.2759165991969176,0.45339141956278695,0.3420125533503312
Alphapapillomavirus 13,100,True,0.27307712124853956,0.46702219722437766,0.34188883717749136
Alphapapillomavirus 14,100,True,0.2730335948477968,0.48079528016480844,0.3396272982215049
Alphapapillomavirus 2,100,True,0.27695120902460413,0.48906968858304944,0.36748304449485736
Alphapapillomavirus 3,100,True,0.2796572477231686,0.48722277928353785,0.35387500079577683
Alphapapillomavirus 4,100,True,0.278619019976751,0.472095812715911,0.3647697473698941
Alphapapillomavirus 5,100,True,0.27450990293472555,0.46241603240163104,0.3474231845927633
Alphapapillomavirus 6,100,True,0.2718516418007173,0.4641698449886522,0.3289865208849867
Alphapapillomavirus 7,100,True,0.27493590081227925,0.4624895397023706,0.33381852709705745
Alphapapillomavirus 8,100,True,0.2717950771384523,0.47781025583223297,0.33983269798627536
Alphapapillomavirus 9,100,True,0.27168519894935433,0.4572799797532821,0.33621054521802407
Amaparí mammarenavirus,100,False,0.2522961246824802,0.3554951132125985,0.2849257923615028
American bat vesiculovirus,100,False,0.2426423915544998,0.31204730348385346,0.27261609721345714
Ampivirus A,100,False,0.2265565351334055,0.30763443329852447,0.2863842101640376
Andes orthohantavirus,100,True,0.2562514454902189,0.3307693682275171,0.2865525185357626
Anguillid perhabdovirus,100,False,0.23674898843957323,0.308346684679621,0.26668670177918596
Aquamavirus A,100,False,0.2642655715965807,0.3698210656591835,0.30387339830331406
Aquareovirus A,100,False,0.26690850976359315,0.34199309563676683,0.290869765166097
Aquareovirus C,100,False,0.2665740504629366,0.35588826938336504,0.29396309383086333
Aquareovirus E,100,False,0.2632058103766446,0.37856934695525485,0.2993154047394169
Aravan lyssavirus,100,True,0.25226080680340673,0.3739066832706551,0.3005597034432532
Arboretum almendravirus,100,False,0.26562452303151907,0.34973781885676547,0.29723982880601074
Ateline alphaherpesvirus 1,100,False,0.25749506448530507,0.3801282544363017,0.29914631153068194
Aura virus,100,False,0.26872124659154606,0.46835532659354695,0.34301305261293824
Avastrovirus 1,100,False,0.2605276286794344,0.38484911691283274,0.3028102848909568
Avastrovirus 3,100,False,0.25793881133570795,0.36307765699336625,0.2943654752754026
Avian avulavirus 1,100,True,0.25965183633946864,0.34887297653404187,0.294733104936485
Avian avulavirus 11,100,False,0.2505541503012887,0.35799897581326695,0.2905859549398696
Avian avulavirus 2,100,False,0.25778753322884795,0.35507866110519987,0.29221615847702725
Avian avulavirus 3,100,False,0.25819177007898364,0.37994335388853595,0.293640763335002
Avian avulavirus 7,100,False,0.25230489224975317,0.34568699535627934,0.29016307273115627
Avian avulavirus 8,100,False,0.25310474253579646,0.34139322809378536,0.2872518492364621
Avian avulavirus 9,100,False,0.2617332407809627,0.3572442617409215,0.29914386333392334
Avian coronavirus,100,False,0.2561319050955033,0.3596266932020621,0.29071088228669373
Avian leukosis virus,100,False,0.2751976103916561,0.30703813530212587,0.28901815752705456
Avihepatovirus A,100,False,0.26488030700116155,0.381373415517108,0.3040374761921026
Avisivirus A,100,False,0.2644970971451943,0.34225455660235915,0.29634033152534867
Aydin virus,100,False,0.26192514919717585,0.3653692084880761,0.29634237089586035
Badu phasivirus,100,False,0.264106492602474,0.35453049894598065,0.2950177328037721
Bagaza virus,100,True,0.25921229024276304,0.47616554889870133,0.33679581881064
Ball python nidovirus 1,100,False,0.2674583748731379,0.3522203047682082,0.2948418495558034
Banzi virus,100,True,0.26683933842463076,0.49420313585029396,0.3832222932288831
Barley yellow striate mosaic cytorhabdovirus,100,False,0.2732744630158124,0.34169869642130557,0.2937904624807229
Barmah Forest virus,100,True,0.2757945823066643,0.5012469251969289,0.3704112893450092
Barur ledantevirus,100,False,0.23287029953724406,0.2906366420871992,0.2636954485119084
Bat coronavirus CDPHE15,100,False,0.25900267662700593,0.3191596176424709,0.28455737783602625
Bat coronavirus HKU10,100,False,0.25932471364873383,0.3285565701732398,0.28711521270923135
Bayou orthohantavirus,100,True,0.26144742465488735,0.3858501862885222,0.30474842819925563
Bebaru virus,100,True,0.26346764366370395,0.4969154168591493,0.3636163229626315
Beluga whale coronavirus SW1,100,False,0.26246446821469516,0.35132469036745817,0.2916891838358066
Berrimah ephemerovirus,100,False,0.2535195438366064,0.39858066823743304,0.32103289331801826
Bertioga orthobunyavirus,100,False,0.25606679050465214,0.3751375507527369,0.29207920196975096
Betacoronavirus 1,100,True,0.2576900500998067,0.33370529657101355,0.2852744855699088
Betapapillomavirus 2,100,True,0.2690412629712864,0.4942407310299015,0.363781910408171
Betapapillomavirus 3,100,True,0.2749065493581946,0.48059845954695224,0.34612057749387587
Betapapillomavirus 4,100,True,0.27275644451745157,0.4445220382039162,0.32649378993270634
Betapapillomavirus 5,100,True,0.2759329915989368,0.46230517440249774,0.3426436471048914
Bokeloh bat lyssavirus,100,True,0.26531529140622706,0.40222313750256256,0.3212005947878565
Bos taurus polyomavirus 1,100,False,0.2625650308668964,0.40968338755633954,0.3042454561987888
Bouboui virus,100,True,0.27977647934052713,0.48080813905553177,0.3790469643298509
Bovine alphaherpesvirus 1,100,False,0.2667309826156375,0.3506939735418749,0.29549732339245643
Bovine atadenovirus D,100,False,0.2563425592120971,0.38391789489301875,0.2970744355126858
Bovine fever ephemerovirus,100,False,0.25088333752881853,0.41579945898194165,0.3274888112122896
Bovine immunodeficiency virus,100,False,0.2614136560192149,0.3500577939596586,0.2963437319022718
Bovine leukemia virus,100,False,0.28632404810548184,0.358732326057301,0.31814581593389796
Bovine mastadenovirus A,100,False,0.2556672533322802,0.3614883160627129,0.2984382971592472
Bovine mastadenovirus B,100,False,0.26162753588422283,0.3685046553701429,0.3045325357378331
Bovine mastadenovirus C,100,False,0.26352163017548047,0.346952198713309,0.29222883872975164
Bovine orthopneumovirus,100,False,0.2691585864844752,0.38551757357667044,0.3103150741673705
Bovine respirovirus 3,100,False,0.2591592432859926,0.36634874604070355,0.2936869894638806
Bovine rhinitis A virus,100,False,0.2653725531561264,0.36438759945312416,0.3075599119155659
Bovine rhinitis B virus,100,False,0.26112277625615576,0.37859111035202664,0.29965790135058035
Bovine viral diarrhea virus 1,100,True,0.2662602670730817,0.286531123707216,0.27754578045768696
Bovine viral diarrhea virus 2,100,False,0.2603397815970585,0.3868112670330398,0.29863992168240117
Bowe orthohantavirus,100,False,0.26326729847350827,0.40454131605284915,0.31227219580225757
Bubaline alphaherpesvirus 1,100,False,0.2573222195596272,0.36619639152815486,0.29614628414372457
Bujaru phlebovirus,100,False,0.25794535937074464,0.41381829840639817,0.305900481940196
Bulbul coronavirus HKU11,100,False,0.25763995479829516,0.35732752756012887,0.291342289426697
Bundibugyo ebolavirus,100,True,0.2856135018516862,0.3483028275440355,0.30996308504907844
Bunyamwera orthobunyavirus,100,True,0.2537140424608948,0.32155529378886305,0.2800923521605154
Burana orthonairovirus,100,False,0.26595587149370326,0.37088287882958504,0.29949598104023517
Bwamba orthobunyavirus,100,True,0.25744759501717585,0.3684335045251955,0.2997406573598687
Cacipacore virus,100,True,0.2674163860198807,0.45038110534110914,0.3337475290574357
Camelpox virus,100,False,0.2539534769260295,0.38183595697082845,0.29344538692240535
Candiru phlebovirus,100,True,0.2646985448340885,0.3809082473649712,0.302672780078929
Canid alphaherpesvirus 1,100,False,0.25914974674627445,0.3655942162383785,0.30610513428535646
Canine morbillivirus,100,True,0.2589293066281629,0.36393771539531483,0.2960001486208899
Cano Delgadito orthohantavirus,100,False,0.26091079492338975,0.38651841598906284,0.29176772033283155
Capim orthobunyavirus,100,False,0.2567381216978853,0.3468279699325634,0.2842119904473219
Caprine arthritis encephalitis virus,100,False,0.26221838674504727,0.34408355629292425,0.29782672647721786
Cardiovirus A,100,True,0.25575001631705196,0.41342378494232607,0.2992911382647554
Cardiovirus B,100,True,0.2590031302368565,0.3736416876126644,0.3078062622981492
Cardiovirus C,100,False,0.2590863267965952,0.4026269450470247,0.2995808281935059
Carnivore amdoparvovirus 1,100,False,0.27326961167347563,0.2915601358961535,0.2811619140108107
Carnivore bocaparvovirus 1,100,False,0.27109514462092044,0.35410167935082715,0.29978384134036584
Carnivore protoparvovirus 1,100,False,0.264610975031366,0.3595010628427282,0.29548821760180216
Carp sprivivirus,100,False,0.24249792202800838,0.3066822682998167,0.2699957842448897
Caviid betaherpesvirus 2,100,False,0.26210674383214827,0.3518276868498474,0.30328482984116617
Cedar henipavirus,100,False,0.2638062252378599,0.3687525981377023,0.29963069384895885
Cercopithecine alphaherpesvirus 9,100,False,0.2579972021450033,0.35769055058765975,0.2950767125025446
Cercopithecine betaherpesvirus 5,100,False,0.26298502563411724,0.3904818453240416,0.30194403250804763
Cervid alphaherpesvirus 1,100,False,0.26005234719370607,0.3743972806287611,0.3016333119764499
Cervid alphaherpesvirus 2,100,False,0.25754757221169766,0.3620818224710214,0.2962411886365228
Cetacean morbillivirus,100,False,0.25878452706616417,0.35715150883749747,0.2931838331660701
Chandipura vesiculovirus,100,True,0.2434477556591928,0.33182488744758426,0.27570864810557755
Changuinola virus,100,True,0.26467470914540525,0.3540783255620391,0.2975465328147303
Chapare mammarenavirus,100,True,0.25527470317278894,0.3372199326897348,0.2864318960156737
Chenuda virus,100,False,0.2613681101086338,0.36107411595534256,0.29882535531592497
Chikungunya virus,100,True,0.2659924518438327,0.4609378620042841,0.33750772737088863
Chilibre phlebovirus,100,False,0.25543380194295007,0.43053083664199787,0.30402458598437865
Chinook salmon nidovirus 1,100,False,0.2682430290567247,0.29278889921775475,0.2800897621136061
Chobar Gorge virus,100,False,0.26738787187554675,0.35500537421249934,0.2973110264156546
Choclo orthohantavirus,100,True,0.25514534907756126,0.3559371994616745,0.29133678216306785
Classical swine fever virus,100,False,0.266487932552215,0.35940884073694623,0.2941989972162793
Cocal vesiculovirus,100,True,0.2419499489684018,0.30851288807424526,0.27349081269137443
Coffee ringspot dichorhavirus,100,False,0.2556944861184444,0.40002627196634366,0.30371018573435543
Colocasia bobone disease-associated cytorhabdovirus,100,False,0.27134787350737904,0.29196263826317725,0.28082321635512403
Colorado tick fever virus,100,True,0.1944858567729637,0.30095814449587843,0.27793736888070103
Common moorhen coronavirus HKU21,100,False,0.2564993210018076,0.3493194317210556,0.29541965206130644
Coronavirus HKU15,100,False,0.264953015457869,0.3766528385241644,0.301749575670609
Cosavirus B,100,True,0.25446567374497947,0.36826680186812755,0.2950734793507968
Cosavirus D,100,True,0.26002378589100805,0.3860779562278205,0.31000819105221006
Cowpox virus,100,True,0.25264485793978886,0.3282130333100747,0.28435817202688207
Crimean-Congo hemorrhagic fever orthonairovirus,100,True,0.2662764259060486,0.3567453069501121,0.30048900382594257
Cumuto goukovirus,100,False,0.2648494087729327,0.38143015174781747,0.3058623995132836
Cupixi mammarenavirus,100,False,0.25967320041391395,0.386111969270555,0.30373206502382977
Curionopolis curiovirus,100,False,0.23417075449602626,0.3020199979498624,0.26411287818262685
Cypovirus 1,100,False,0.2717370436836114,0.2907916160942686,0.28104337643439126
Cypovirus 14,100,False,0.2714761605420414,0.29110151800241757,0.2802536974639798
Cypovirus 15,100,False,0.2723662051497092,0.2904038494803812,0.2806052004239867
Cypovirus 2,100,False,0.27438000236785665,0.30447941207515516,0.28937924764691503
Cypovirus 5,100,False,0.2696143298270789,0.29204735990185704,0.28110753658097837
Dabieshan orthohantavirus,100,False,0.25759294258821763,0.34652585904727873,0.29233473530883763
DeBrazza’s monkey arterivirus,100,False,0.2696751405193968,0.2891455037280387,0.2806548677549431
Deltapapillomavirus 1,100,False,0.3067576204009111,0.49550334897016335,0.41105401224629995
Deltapapillomavirus 2,100,False,0.31315866548803484,0.5003159477037719,0.40469168430382924
Deltapapillomavirus 3,100,False,0.29666750596743663,0.5005382007576805,0.39081656816731186
Deltapapillomavirus 4,100,False,0.2975133313311792,0.4638984659425228,0.38795801021766557
Dengue virus,100,True,0.270515706046955,0.5024762257525147,0.3774657895831178
Dera Ghazi Khan orthonairovirus,100,False,0.2563941866461139,0.3640736597060362,0.2996330970976041
Dobrava-Belgrade orthohantavirus,100,True,0.26031269516236805,0.3281465454309019,0.29095099840877486
Drosophila affinis sigmavirus,100,False,0.2356738813622717,0.3028082065665738,0.26497197366171155
Drosophila ananassae sigmavirus,100,False,0.23772842921223764,0.30083833249873143,0.2671328647222879
Drosophila immigrans sigmavirus,100,False,0.23996709591764684,0.29848526388201296,0.26834431835067796
Drosophila obscura sigmavirus,100,False,0.2549897616207186,0.3970691620842406,0.31852939457471163
Drosophila X virus,100,False,0.27237816155988015,0.29135173512539947,0.2812699568694444
Duck picornavirus GL/12,100,False,0.2652369462278579,0.3825135947058558,0.2999336102533143
Dugbe orthonairovirus,100,True,0.26721711175071994,0.36663072049067436,0.3011908259355409
Durham tupavirus,100,False,0.24299788677084094,0.42059468275613765,0.31769598241477576
Duvenhage lyssavirus,100,True,0.2710989501044079,0.45721967646950945,0.34402347270517775
Eastern equine encephalitis virus,100,True,0.2649599658495281,0.4544148756623628,0.33043834696850743
Ectromelia virus,100,False,0.25604007822132346,0.34509675318079347,0.28713078230912914
Eggplant mottled dwarf nucleorhabdovirus,100,False,0.2702783476328616,0.29214645428318575,0.28052695876089956
Eilat virus,100,False,0.2687450159068808,0.42346224050667547,0.3268158977534706
Ekpoma 1 tibrovirus,100,True,0.24789728307159925,0.3167357731381606,0.27265798064922464
Elapid 1 bornavirus,100,False,0.26456782862708894,0.39475259196419277,0.3020662868430283
Entebbe bat virus,100,False,0.2679136977984215,0.49647922544104817,0.3740309798799009
Enterovirus A,100,True,0.26330440278789513,0.3763765529260765,0.29781640465206377
Enterovirus B,100,True,0.26360724398437857,0.36592944731343624,0.30070666856334916
Enterovirus C,100,True,0.2616593509151185,0.38677213859272086,0.3004306166246708
Enterovirus D,100,True,0.2637112521595316,0.362404556615846,0.3006403079835539
Enterovirus F,100,False,0.26563323014113693,0.4110437822435149,0.3108734632436728
Enterovirus G,100,False,0.26165703447188854,0.3631315381412433,0.29817633701181423
Enterovirus H,100,False,0.26701012810799674,0.3870717055502375,0.30530144398253367
Enterovirus I,100,False,0.2582963574541569,0.3721005583626866,0.29842155319615626
Enterovirus J,100,False,0.2592267362479655,0.3968549421031139,0.30607949764678694
Epizootic hemorrhagic disease virus,100,False,0.259985047527163,0.3558976951788524,0.2994220392345571
Epsilonpapillomavirus 1,100,False,0.28806532097306425,0.477886172705588,0.38555447845731033
Equid alphaherpesvirus 1,100,False,0.26293942880445265,0.36057437649851254,0.29683702751186286
Equid alphaherpesvirus 8,100,False,0.2630741003115984,0.3588067117962174,0.299168992276112
Equid alphaherpesvirus 9,100,False,0.26165260382189903,0.36198276264580564,0.2994377487509788
Equid gammaherpesvirus 2,100,False,0.2648756895196971,0.345703736898301,0.2966815957880252
Equid gammaherpesvirus 5,100,False,0.2598181975320192,0.3729270775214365,0.30142574767077635
Equine arteritis virus,100,False,0.27309344757319454,0.290954922412506,0.28151783032834454
Equine encephalosis virus,100,False,0.26096897407215625,0.37669941524339473,0.2986925819434788
Equine foamy virus,100,False,0.26747330461458446,0.4267264504082041,0.3168876159428152
Equine mastadenovirus A,100,False,0.2705226098209002,0.40531214617307676,0.310681955023666
Equine rhinitis A virus,100,False,0.26369493183013915,0.3923442234392007,0.29704265304113203
Equine torovirus,100,False,0.2696761785890033,0.28822578002127575,0.2800818356173187
Erbovirus A,100,False,0.2649057925284812,0.4042056905771926,0.30616597769652915
Eriocheir sinensis reovirus,100,False,0.1898533734342056,0.3101581670109308,0.2857627066491056
Estero Real orthobunyavirus,100,False,0.26401600331951547,0.4326323727037622,0.3091741698057237
Eubenangee virus,100,False,0.2592027288237829,0.35598372582274895,0.29642345603232134
European bat 1 lyssavirus,100,True,0.25589696504872617,0.3803567461480151,0.3012888220215062
European brown hare syndrome virus,100,False,0.27311868084012203,0.38602593002895247,0.31165406395771805
Everglades virus,100,True,0.26561058141347293,0.4462230001608052,0.31756495591397654
Eyach virus,100,False,0.27078952972145265,0.3969520309199672,0.3098432797939404
Felid alphaherpesvirus 1,100,False,0.2650441900641898,0.34604485216540315,0.29937851515999186
Feline calicivirus,100,False,0.2681983231522851,0.40705815335255,0.3030277191427292
Feline foamy virus,100,False,0.2658759584897274,0.4423042859468356,0.3229859512148414
Feline immunodeficiency virus,100,False,0.26579713856787085,0.3829626978076683,0.3041942411181371
Feline morbillivirus,100,False,0.2581201649038911,0.34925742608976384,0.29956980718911386
Fiji disease virus,100,False,0.27182888672952354,0.28826273312078854,0.2800632988924748
Flanders hapavirus,100,False,0.24288437216151917,0.2946669335829968,0.2672102200998692
Flexal mammarenavirus,100,True,0.25563201934405577,0.341779725087066,0.2891997707149417
Foot-and-mouth disease virus,100,True,0.26310152767750516,0.3890856094188902,0.3096741716895237
Fort Morgan virus,100,False,0.26722846924343946,0.4864884312142771,0.35339204960453313
Free State vervet virus,100,False,0.2714747127306347,0.29131829958847355,0.2811013874203538
Frijoles phlebovirus,100,False,0.26071296230351737,0.4674687212884825,0.3116472380898275
Fugong orthohantavirus,100,False,0.25801432965479315,0.34621049914317925,0.28925044658973575
Fukuoka ledantevirus,100,False,0.24236613815935337,0.2979125419340207,0.2677467470483147
Fusong orthohantavirus,100,False,0.2571808017831871,0.3644736649399477,0.2987836950678884
Gadgets Gully virus,100,False,0.26452740827833743,0.4835856773147451,0.3479665893503547
Gairo mammarenavirus,100,False,0.25532579981946757,0.39535725101572927,0.29670758188041435
Gallivirus A,100,False,0.2571416018800194,0.3736931402123171,0.30203297496953757
Gamboa orthobunyavirus,100,False,0.2606328066424134,0.40284428830361607,0.30438095889468364
Gammapapillomavirus 4,100,True,0.2644422043967623,0.45917691249637194,0.30938648822480525
Gammapapillomavirus 5,100,True,0.2747919857391952,0.48700955395016576,0.35366181191595863
Getah virus,100,True,0.26262290548977224,0.5015158044449569,0.34679456749580734
Ghanaian bat henipavirus,100,False,0.2618829670230615,0.34988273732514164,0.2971322309348072
Gibbon ape leukemia virus,100,False,0.2736971470180209,0.29103639374320955,0.2814341026155402
Gouleako goukovirus,100,False,0.26462906479186626,0.4398216148687777,0.31112244030870645
Ground squirrel hepatitis virus,100,False,0.2697149792252403,0.3824437291882729,0.30747761585899003
Guama orthobunyavirus,100,True,0.2602344591555351,0.34746265760009243,0.29039653362065243
Guanarito mammarenavirus,100,True,0.26264567052133286,0.34792927884354646,0.2882745170107332
Guaroa orthobunyavirus,100,True,0.2607851964020286,0.4016544347378973,0.3113625978367946
Hantaan orthohantavirus,100,True,0.2618396510141979,0.32924044786565554,0.29034924368142245
Hart Park hapavirus,100,False,0.2315462623458802,0.30822580532078236,0.2663769584307792
Hazara orthonairovirus,100,False,0.26621618689916615,0.40134325579929087,0.30913382900111247
Hedgehog coronavirus 1,100,False,0.2624015358393313,0.37677165118711164,0.29798945865457793
Hendra henipavirus,100,True,0.2607624618440024,0.3977653591908464,0.3064911040634187
Hepacivirus A,100,False,0.26444512036331536,0.36710514150956625,0.300903770226164
Hepacivirus B,100,False,0.2640025012272899,0.3599893838652601,0.29485701788851804
Hepacivirus D,100,False,0.2650401454436864,0.32651721967795977,0.2882354841032314
Hepacivirus E,100,False,0.27094583697048535,0.33547753012210374,0.29447143555327615
Hepacivirus H,100,False,0.2619229395664622,0.3507276510253845,0.29394961618894344
Hepacivirus I,100,False,0.2691399105202052,0.3472224439529006,0.2909160379650241
Hepacivirus J,100,False,0.26219945951845103,0.331958265243282,0.29284250675321377
Hepacivirus K,100,False,0.27145020765484074,0.34191494808691436,0.2917993959415483
Hepacivirus L,100,False,0.26453081246164645,0.3523615585868628,0.2965886143934189
Hepacivirus M,100,False,0.26569372485321147,0.330738194610271,0.2867927268538277
Hepacivirus N,100,False,0.26455539337268985,0.3475469074858289,0.2899312096441086
Hepatovirus A,100,True,0.2675458613927096,0.28823238162815,0.27916651396684034
Hepatovirus C,100,False,0.26564620064249445,0.34809602399893463,0.29390443151773815
Hepatovirus F,100,False,0.2639956060394314,0.3992139627536109,0.3077973161671316
Hepatovirus G,100,False,0.268219255180302,0.36142941617241675,0.29558961422725233
Hepatovirus H,100,False,0.2600113673514707,0.34765458568477814,0.2962629929364985
Hepatovirus I,100,False,0.2653448771327812,0.3719432687835403,0.2966026625108053
Herbert herbevirus,100,False,0.25686419389345,0.37267673675701457,0.2927691580981318
Hirame novirhabdovirus,100,False,0.26935602283104654,0.2895896189602893,0.28077752223455965
Hughes orthonairovirus,100,False,0.2607787214357411,0.3774100227435484,0.3014788306574533
Human alphaherpesvirus 2,100,True,0.2600533856217116,0.37668372786868287,0.2991336693554179
Human alphaherpesvirus 3,100,True,0.26329068821189894,0.3790196317604686,0.3009296290043299
Human betaherpesvirus 5,100,True,0.26122638785144964,0.360506969793002,0.2952099504033626
Human betaherpesvirus 7,100,True,0.262539803999541,0.35983983009006537,0.2964119139895991
Human coronavirus 229E,100,True,0.2653298105588284,0.37579139803466616,0.29466006544817847
Human coronavirus NL63,100,True,0.25863197585715375,0.327494183048886,0.28430374213144
Human gammaherpesvirus 4,100,True,0.2682167118632748,0.36087124840615004,0.30088450370014536
Human immunodeficiency virus 1,100,True,0.2683297936313675,0.35615498089631936,0.29590600478675994
Human mastadenovirus A,100,True,0.26535137342097803,0.3682113492476137,0.29782457223302117
Human mastadenovirus B,100,True,0.26353098021391486,0.3964769643157571,0.30145191996116066
Human mastadenovirus D,100,True,0.26465291752755005,0.38123513541404086,0.30634309867516935
Human mastadenovirus F,100,True,0.2609183634502714,0.4110484771180571,0.3008741307412277
Human metapneumovirus,100,True,0.2670332038204136,0.3464504878822225,0.2903087757173086
Human orthopneumovirus,100,True,0.26549232132778744,0.35481321157200785,0.2950947094500111
Human polyomavirus 2,100,True,0.2665357880734508,0.36651147421721914,0.2999149455773439
Human respirovirus 1,100,True,0.25498979450013404,0.3534845135933007,0.29251196391282297
Human rubulavirus 2,100,True,0.26427071010853254,0.38407119136621715,0.2997724083715798
Human rubulavirus 4,100,True,0.2576920540376947,0.3428178425172398,0.28874546545045116
Ikoma lyssavirus,100,True,0.2656515957391224,0.42756524558577996,0.33630314166274594
Imjin orthohantavirus,100,False,0.2628184382122894,0.368239291961306,0.2972870709234497
Infectious bursal disease virus,100,False,0.2720649375921378,0.2906447593296997,0.2808216051181603
Infectious salmon anemia virus,100,False,0.272493265025562,0.3045533446271954,0.28411633558159266
Influenza A virus,100,True,0.26859285106391906,0.3629853802235645,0.3034011337624838
Iotapapillomavirus 1,100,False,0.28993537206365816,0.4776671686484425,0.38500344228387706
Ippy mammarenavirus,100,False,0.2516556107598772,0.3965231959183421,0.2934449072141886
Iriri curiovirus,100,False,0.24026656819802805,0.2887696491315851,0.2664818392856178
Irkut lyssavirus,100,True,0.24969963486859081,0.3446306484306364,0.2857231871785431
Israel turkey meningoencephalomyelitis virus,100,False,0.2599623493991018,0.49059482068186666,0.3374552088545383
Itacaiunas curiovirus,100,False,0.2389398673735297,0.29878349962452,0.26165245473785054
Jeju orthohantavirus,100,False,0.262914991277487,0.3539146959242053,0.29902401286629576
Jembrana disease virus,100,False,0.2579137898424629,0.3722988826701544,0.29969652694687626
Joinjakaka hapavirus,100,False,0.23512213942919397,0.3092188273649814,0.2683669205327787
Jonchet orthojonvirus,100,False,0.2377253198910495,0.3093629806625743,0.28782622532276775
Jugra virus,100,False,0.27546056088990634,0.5015470072994629,0.37014877142741054
Junín mammarenavirus,100,True,0.2586267885728401,0.33789130505151477,0.2852314853476822
Jurona vesiculovirus,100,True,0.24801231303737797,0.3163723405860781,0.28085446338696207
Jutiapa virus,100,False,0.27381307723079057,0.5078149620454303,0.38463151824014824
Kairi orthobunyavirus,100,False,0.26185403990154466,0.40177354937473886,0.30723347980105586
Kappapapillomavirus 1,100,False,0.28937256095991515,0.47427529363713494,0.36698146626910816
Kern Canyon ledantevirus,100,False,0.246591825076032,0.2949272460123887,0.2680712607278483
Keterah orthonairovirus,100,False,0.2649906919679018,0.3876742681343247,0.30585872600104497
Keuraliba ledantevirus,100,False,0.24114803832845016,0.30367411498699426,0.2664831896345564
Khabarovsk orthohantavirus,100,False,0.26045175363680545,0.32644403309097947,0.2886004197420209
Khujand lyssavirus,100,True,0.25586167540818305,0.4125376225997895,0.30789617927208385
Kibale red colobus virus 1,100,False,0.2727896038046164,0.28986362104189856,0.28062360548557835
Kibale red colobus virus 2,100,False,0.2700791925524584,0.2888811824317238,0.28005496656648005
Kibale red-tailed guenon virus 1,100,False,0.27280905375887154,0.29104834483359054,0.28125564970516953
Kimberley ephemerovirus,100,False,0.24520117269811725,0.3098316640551829,0.27572975612541056
Klamath tupavirus,100,False,0.24320135687300332,0.3063981324781443,0.26315784203611275
Koala retrovirus,100,False,0.26965781142939527,0.2893378686903437,0.281171090169537
Kokobera virus,100,True,0.2754194974849542,0.49556447368194523,0.38448344595268713
Koolpinyah ephemerovirus,100,False,0.2663828621454703,0.3948515464597521,0.3195298019169362
Kotonkan ephemerovirus,100,False,0.24328050090398556,0.2980770123915898,0.2662229264881697
Koutango virus,100,True,0.26501825015787406,0.477614943482653,0.33641441917354253
Kyasanur Forest disease virus,100,True,0.26161501249954294,0.44603810806478716,0.33180029942816003
Lagos bat lyssavirus,100,True,0.25574234909080185,0.38390337284192255,0.30801299117622577
Laibin orthohantavirus,100,False,0.26673945672718563,0.3932522779496063,0.3040645202487454
Lambdapapillomavirus 1,100,False,0.2709577908194476,0.4509434890536298,0.33297096016076705
Lambdapapillomavirus 2,100,False,0.2715990901714994,0.4655405257580591,0.33979177741395766
Landjia hapavirus,100,False,0.24317671401317512,0.2990040276435749,0.266546926116152
Langat virus,100,True,0.2632714143734137,0.4583893903791123,0.32597014829832394
Latino mammarenavirus,100,False,0.2562143122592968,0.359343351697332,0.2905759225057665
Le Dantec ledantevirus,100,False,0.2412636276896209,0.29276472286683874,0.2661368432767612
Lettuce necrotic yellows cytorhabdovirus,100,False,0.271738450491863,0.29032600126159747,0.2806610269067859
Lettuce yellow mottle cytorhabdovirus,100,False,0.2721985594388835,0.291510101177815,0.2809286344194781
Liao ning virus,100,False,0.2655141634159495,0.34304604268532113,0.2957235220696011
Limnipivirus B,100,False,0.2645550403330863,0.33684119292437786,0.2938362695807411
Limnipivirus C,100,False,0.26616065202453787,0.35356251166921737,0.2931968123197752
Lloviu cuevavirus,100,False,0.28854450251411257,0.356556238124383,0.31494184786941765
Loei River mammarenavirus,100,False,0.25627280176105405,0.32190353471428546,0.28202158308222935
Louping ill virus,100,True,0.25980193668732665,0.46614681651594575,0.3283408534157827
Lujo mammarenavirus,100,True,0.2570895720171479,0.3175995891700044,0.28064902617547566
Luna mammarenavirus,100,False,0.2539307631810867,0.37722220134483975,0.2923047903884895
Luxi orthohantavirus,100,False,0.2596432114967385,0.34726720151108004,0.288417680252671
Lymphocytic choriomeningitis mammarenavirus,100,True,0.2550917033110641,0.34742423135734535,0.2810586954293452
Macaca mulatta polyomavirus 1,100,True,0.25636582092064897,0.3530494017662572,0.2972649054907876
Macacine alphaherpesvirus 1,100,True,0.25850607193123715,0.4176445785629891,0.3051955650942244
Macacine gammaherpesvirus 4,100,False,0.265624005400889,0.3758489233357037,0.3024393109709721
Macacine gammaherpesvirus 5,100,False,0.26299519450088393,0.374863276951629,0.30237094259942726
Macaque simian foamy virus,100,True,0.2649660986647894,0.3892444245416554,0.30517650497979854
Machupo mammarenavirus,100,True,0.25466605416216503,0.33455367279304116,0.2886517097557459
Madrid orthobunyavirus,100,True,0.2588089949000258,0.33666272774388956,0.2824293725263485
Maize stripe tenuivirus,100,False,0.26206370948294005,0.3860125503000331,0.30343012091634514
Mal de Rio Cuarto virus,100,False,0.27211535197639797,0.2909222898218876,0.2806681021250467
Mamastrovirus 1,100,True,0.2621612203174696,0.35623167250341403,0.29554037918556064
Mamastrovirus 10,100,False,0.2613586988932961,0.3626667867717201,0.2956726871356038
Mamastrovirus 5,100,False,0.2590727025764464,0.3549713846130597,0.29486918309940324
Mamastrovirus 8,100,True,0.26578397493201245,0.3414456366529929,0.2952240440427072
Mammalian 1 bornavirus,100,True,0.2646403558512992,0.35949080890167484,0.2949074971589165
Mammalian 2 bornavirus,100,True,0.2628919318245846,0.3509552523184261,0.2939961982344398
Manitoba hapavirus,100,False,0.2462173271881703,0.3051767493837455,0.2666231060788108
Maraba vesiculovirus,100,False,0.24561484014280205,0.2945678152381209,0.26860809442139066
Marburg marburgvirus,100,True,0.27522840142578864,0.3570470958425614,0.31133243968495017
Marco hapavirus,100,False,0.23532999362986676,0.2976485558345547,0.26517378607585357
Marituba orthobunyavirus,100,True,0.26739559998600293,0.4263867363750816,0.3158475025885497
Mayaro virus,100,True,0.2681888695635116,0.48904477802452495,0.37767012126253197
Measles morbillivirus,100,True,0.2557887253432447,0.3319608163812542,0.28707305006040074
Menangle rubulavirus,100,True,0.2604444730881741,0.35515234780832816,0.2911125526666425
Merino Walk mammarenavirus,100,False,0.2596123411459933,0.3564742427823471,0.2944451889790054
Micromonas pusilla reovirus,100,False,0.18777543893778403,0.3047792371795458,0.2839661351344782
Middelburg virus,100,False,0.2653416611240449,0.4879510525790546,0.34617702721862437
Middle East respiratory syndrome-related coronavirus,100,True,0.2580412172130384,0.3150351955395079,0.28225877418459216
Mikumi yellow baboon virus 1,100,False,0.27331628651903994,0.29134679485957765,0.28116042753552173
Miniopterus bat coronavirus HKU8,100,False,0.26466669257020703,0.3408808060287961,0.29301537058651506
Mink coronavirus 1,100,False,0.2587054161832839,0.33848943295791145,0.2910432390673005
Mischivirus C,100,False,0.25898235196536246,0.38744056027760837,0.301172904039987
Modoc virus,100,False,0.27318880929315614,0.49874640342495236,0.3961191398676767
Mojiang henipavirus,100,False,0.2581674300198267,0.3531184908066807,0.2940574827131261
Mokola lyssavirus,100,True,0.2525873514742203,0.35328339518563373,0.2917773430443482
Molluscum contagiosum virus,100,True,0.2614917527405779,0.4267895879027437,0.30902066584638593
Monkeypox virus,100,True,0.25853620652025394,0.40173065984768985,0.30068241533535306
Montana myotis leukoencephalitis virus,100,False,0.2696512634433905,0.4971656333933482,0.3807971502835144
Montano orthohantavirus,100,False,0.2671612226995268,0.3892585471768735,0.30526689288983344
Mopeia mammarenavirus,100,False,0.2554969361964852,0.348410998332994,0.2839672218574174
Morreton vesiculovirus,100,False,0.24790362647699554,0.3177195830685833,0.2720873224281558
Mosavirus A,100,False,0.26925291003187574,0.4068914605656182,0.30678137466839067
Mosqueiro hapavirus,100,False,0.23463244364353525,0.30932284410480837,0.266270759830465
Mosso das Pedras virus,100,True,0.26158149539028636,0.4375372308642731,0.3272984097722507
Mount Elgon bat ledantevirus,100,False,0.25071450203764395,0.3978501991284459,0.322752113729886
Mumps rubulavirus,100,True,0.24635969087603132,0.33610298296281127,0.2863814796712043
Mupapillomavirus 1,100,True,0.2608720234472347,0.4429935071167719,0.31481166723467247
Mupapillomavirus 2,100,True,0.2732577546673023,0.45572935905169953,0.3342360357571201
Murid betaherpesvirus 1,100,False,0.25639941056176174,0.37290209414429243,0.3026086110474868
Murid betaherpesvirus 2,100,False,0.25320743147919483,0.3733880746866213,0.2991477945107528
Murid gammaherpesvirus 4,100,False,0.26369063345167976,0.33746217389994054,0.293135256471859
Murine coronavirus,100,False,0.2554523990727356,0.34757927653271814,0.2896706971988788
Murine mastadenovirus A,100,False,0.26342615971057626,0.3744204252986033,0.30502931580325415
Murine mastadenovirus B,100,False,0.2686850235997689,0.387142972344824,0.30473063973765213
Murine orthopneumovirus,100,False,0.26835365493419905,0.3826924597812039,0.3066155638787906
Murine respirovirus,100,False,0.25813163295340447,0.3578426995727104,0.2934238382103664
Mus musculus polyomavirus 1,100,False,0.26344659149787175,0.4436819247640846,0.3122689471608851
Mus musculus polyomavirus 2,100,False,0.26240227123902626,0.40910393166657344,0.3100599274232297
Mycoreovirus 3,100,False,0.27213507182972907,0.29144045129769713,0.2807875767222502
Myxoma virus,100,False,0.26127964337269866,0.3720362294060032,0.29436412639271164
Nairobi sheep disease orthonairovirus,100,False,0.2651845482199934,0.3781029704135018,0.30574620598151697
Ndumu virus,100,False,0.26666193810606625,0.4954055119163818,0.3613182022562681
Nelson Bay orthoreovirus,100,True,0.2690027911177659,0.2863545196106758,0.2777469513304875
New Jersey vesiculovirus,100,True,0.24814643593976154,0.30898674589942754,0.2724181002166905
Newbury-1 virus,100,False,0.2700677680711012,0.30154167258561004,0.28157249667835244
Nipah henipavirus,100,True,0.26045307585046096,0.360846556871299,0.2946953569999258
Nishimuro ledantevirus,100,False,0.24056761498222018,0.294333646750696,0.2666244626356619
Nkolbisson ledantevirus,100,False,0.24214200119048934,0.3073240130089806,0.26936760607305377
Ntaya virus,100,True,0.26522625331542304,0.46088615324579485,0.3431183468685547
Obodhiang ephemerovirus,100,False,0.27010834696615327,0.42029718655831105,0.3284323513576638
Oita ledantevirus,100,False,0.2490673361233185,0.4050028013431425,0.3271059048214111
Okahandja mammarenavirus,100,False,0.25549098583276647,0.34346898339284987,0.29066873888204
Omikronpapillomavirus 1,100,False,0.27402003583297563,0.4776949108966976,0.34504078463622945
Omsk hemorrhagic fever virus,100,True,0.2621976071498641,0.44045423487312496,0.32705440634496247
Orchid fleck dichorhavirus,100,False,0.2655536282100479,0.3809791463268455,0.30742077899805154
Orf virus,100,True,0.2567944834209439,0.4057800369682192,0.3021017707894911
Oriboca orthobunyavirus,100,True,0.26249305311065296,0.38030060389549436,0.29915008855891617
Oropouche orthobunyavirus,100,True,0.25855044207936495,0.3748375589236015,0.29340227915686307
Orthohepevirus A,100,True,0.2682691008193047,0.287865218991294,0.2791734466123846
Orthohepevirus B,100,False,0.2647956578103463,0.35832686251343615,0.2912530536784609
Orthohepevirus D,100,False,0.2580428978682735,0.36049724749217626,0.29003120189724507
Oscivirus A,100,False,0.26959162096328493,0.40443993573453285,0.31080689461158884
Ovine atadenovirus D,100,False,0.2621179054423512,0.3808110926159519,0.30259604383398025
Ovine gammaherpesvirus 2,100,False,0.2623464395779137,0.36619114322697977,0.3011062504186794
Ovine mastadenovirus A,100,False,0.26279692121912446,0.39748385703304456,0.30330180803607704
Panine betaherpesvirus 2,100,False,0.2679836560397845,0.3847796665496077,0.30419805174914455
Paraná mammarenavirus,100,False,0.2530060988094841,0.4141071354149968,0.2934205285622124
Parapoxvirus of red deer in New Zealand,100,False,0.2566203101833464,0.4011110932386564,0.308291762008525
Parechovirus A,100,True,0.26519991315399394,0.34734996489446934,0.2906942222536237
Parechovirus B,100,True,0.2646826458836731,0.3388949182118878,0.29372017343010964
Parechovirus D,100,False,0.2595402784792491,0.3684149949417743,0.30061506435778856
Parry Creek hapavirus,100,False,0.2453020299287003,0.4072000564284559,0.31656360526912564
Passeriform 1 bornavirus,100,False,0.26707203962880915,0.3645956776667587,0.29839653660601295
Passerivirus A,100,False,0.2647532744492853,0.3569612388511686,0.2955639315684674
Patois orthobunyavirus,100,False,0.27275285348092826,0.45248998196043044,0.3289238370212559
Pebjah virus,100,False,0.270017343790534,0.29060871215500783,0.28131804063778293
Pegivirus A,100,True,0.25832128804034493,0.3546187230885858,0.293563660196542
Pegivirus B,100,False,0.26520497969096535,0.35723172876775233,0.2974181245432555
Pegivirus C,100,True,0.25846272859130043,0.3580812401188843,0.2928162941477941
Pegivirus D,100,False,0.26191290436467435,0.3636548649147815,0.29886535150067906
Pegivirus E,100,False,0.26044643968626724,0.3528907052345193,0.29561180635996714
Pegivirus F,100,False,0.2578256294083777,0.3633203786618794,0.2972112240288183
Pegivirus H,100,True,0.2682513372515559,0.3524875749414397,0.2932350083316447
Pegivirus J,100,False,0.2686015971930503,0.34914765056631647,0.2979888392016848
Pegivirus K,100,False,0.2633703537267884,0.34766901515823223,0.29775527226108545
Perch perhabdovirus,100,False,0.24434089781178767,0.29113348648433235,0.2669943200745974
Phasi Charoen-like phasivirus,100,False,0.26847882873696594,0.4098945437999537,0.31189052066247464
Phnom Penh bat virus,100,False,0.2771067111627291,0.5177411935794509,0.3918510308493182
Phocid alphaherpesvirus 1,100,False,0.26420307319249564,0.38604524026980586,0.2978756784413443
Phocine morbillivirus,100,False,0.2613425579967756,0.3573513831370138,0.2974395844072713
Pichindé mammarenavirus,100,False,0.2593475925113905,0.41587889357740665,0.3177959781079169
Pike fry sprivivirus,100,False,0.23829785668990627,0.2946925341659679,0.26446120427929476
Pipapillomavirus 1,100,False,0.28489708060488206,0.49037311505900105,0.3861635704976514
Pirital mammarenavirus,100,False,0.2549079868374997,0.3129368658313555,0.2785811218541301
Piscine orthoreovirus,100,False,0.2584975297134501,0.3422972278125622,0.28927900101631454
Porcine circovirus 2,100,False,0.2711136190360698,0.30278254620537126,0.28381497594870064
Porcine epidemic diarrhea virus,100,False,0.2633690795750883,0.37415047325766926,0.2997291112578743
Porcine mastadenovirus A,100,False,0.2663767226938168,0.3830880025979717,0.30433507419732647
Porcine mastadenovirus C,100,False,0.2596464522569605,0.3637448079398917,0.2984342740397911
Porcine reproductive and respiratory syndrome virus 1,100,False,0.2692398747988842,0.28904655912562915,0.28056180563718064
Porcine reproductive and respiratory syndrome virus 2,100,False,0.2727896038046164,0.2904038494803812,0.28209889313368425
Porcine respirovirus 1,100,False,0.2612540897054928,0.37499522017445286,0.30472632274315226
Porcine rubulavirus,100,False,0.2558810003464604,0.3712213789872536,0.2990842059228159
Porcine torovirus,100,False,0.25965303335896445,0.3946211394278091,0.301001670708519
Porcine type-C oncovirus,100,False,0.273075071392375,0.29017665118978864,0.2808740548012588
Potamipivirus A,100,False,0.25044155184377703,0.39176381536292076,0.3061740632703812
Potato yellow dwarf nucleorhabdovirus,100,False,0.2730283167877867,0.28961296444632534,0.28114148125328725
Powassan virus,100,True,0.26426060801784923,0.46022118608571816,0.335763707646537
Primate T-lymphotropic virus 1,100,True,0.2648828127381474,0.37983563038523027,0.3068368504616364
Primate T-lymphotropic virus 2,100,True,0.2648109576144235,0.3893751295638572,0.3067410179238907
Primate T-lymphotropic virus 3,100,True,0.2683051646851443,0.37419758276467585,0.3099528793439568
Pronghorn antelope pestivirus,100,False,0.26632302787497264,0.3443337530528483,0.29636278943648064
Pseudocowpox virus,100,True,0.26098982081001665,0.4540728820010905,0.3123270628386195
Psittaciform 2 bornavirus,100,False,0.26941261706986047,0.36532132972092884,0.30315462947771277
Puerto Almendras almendravirus,100,False,0.2621901775661202,0.40498969222786196,0.31152630547164545
Puma lentivirus,100,False,0.2640460952790994,0.3680228176964158,0.3021222754658322
Puumala orthohantavirus,100,True,0.2597692640142742,0.32230245134835256,0.28707450572818466
Quaranfil virus,100,True,0.2747342770524558,0.33922441481770593,0.3023345666782151
Quezon orthohantavirus,100,False,0.2587921567762793,0.3916666710450959,0.3068547765454838
Rabbit fibroma virus,100,False,0.26042324330893424,0.41146895543790313,0.30209759150573895
Rabovirus A,100,False,0.2583247544289675,0.36817649589710216,0.2997371187460424
Raccoonpox virus,100,False,0.24918504413868883,0.37555017290940473,0.29327440785626907
Radi vesiculovirus,100,False,0.24206879105270807,0.28673313510147425,0.26539715733434593
Rat arterivirus 1,100,False,0.2679206513889179,0.2901541094539931,0.28115184803631404
Reptile sunshinevirus 1,100,False,0.2592319533677041,0.3649608762464676,0.3022958800178881
Reptilian ferlavirus,100,False,0.25504752949252757,0.36739435274935484,0.29318983637367835
Reptilian orthoreovirus,100,False,0.2679269833514224,0.34218061984310555,0.2919633188719257
Reston ebolavirus,100,True,0.2849342080420292,0.37625456700889026,0.31211702982816814
Reticuloendotheliosis virus,100,False,0.2698991050088499,0.291209202725228,0.2806940891914193
Rhinolophus bat coronavirus HKU2,100,False,0.25775702788516797,0.3213046270152465,0.28377971157523285
Rhinovirus A,100,True,0.2633145112948082,0.4041594009799603,0.29958657740318023
Rhinovirus C,100,True,0.26377221765289494,0.381100858017296,0.3052627863573544
Rice black streaked dwarf virus,100,False,0.2680473489271128,0.2916861909078565,0.28092783781494984
Rice dwarf virus,100,False,0.2715080384312077,0.2920542104558545,0.28172389304117473
Rice gall dwarf virus,100,False,0.27309467663830805,0.29698096107179434,0.28256110232029097
Rice grassy stunt tenuivirus,100,False,0.2647917214987222,0.36987460682268314,0.3016019685139567
Rice ragged stunt virus,100,False,0.23017202984201507,0.31024514559534727,0.2872000814800031
Rice stripe tenuivirus,100,False,0.24740581457392985,0.38955541467622823,0.3058730239524833
Rice yellow stunt nucleorhabdovirus,100,False,0.26492892832214754,0.38293985856708557,0.3007131460720993
Rinderpest morbillivirus,100,False,0.26272024211957806,0.4060878019102989,0.31525263999074854
Rio Negro virus,100,False,0.2680645383395722,0.4497170703348696,0.3364302266785425
Rochambeau curiovirus,100,False,0.24642092075536895,0.2957287269398629,0.26639926666088876
Rockport orthohantavirus,100,False,0.2638317372269568,0.404877050294032,0.31317814179028136
Rodent protoparvovirus 1,100,False,0.2613925833027543,0.4379929328182042,0.31402453500700106
Rodent protoparvovirus 2,100,False,0.2711258369041163,0.37346481198577575,0.29871831545417493
Rosavirus A,100,False,0.2596634154325509,0.3893910407918084,0.3066380258546919
Ross River virus,100,True,0.26147204151514486,0.4816314504934278,0.3491072076481223
Rotavirus B,100,True,0.2718266071182256,0.37228528013813855,0.3022441306568923
Rotavirus D,100,False,0.27344138614471103,0.4324674383139066,0.31379365519267244
Rotavirus F,100,False,0.2686842512694435,0.42000911869038027,0.3090879620664247
Rotavirus G,100,False,0.2624533136727762,0.40956942751534187,0.3034426297060198
Rotavirus H,100,True,0.2596877846726148,0.35545869445350253,0.29342816090915724
Rotavirus I,100,False,0.2589301095874439,0.4067319184082785,0.2986204072183385
Royal Farm virus,100,False,0.27376609622282366,0.48411096491154054,0.37314905653110725
Rubella virus,100,True,0.26141005234856934,0.3603163793384859,0.3009792554207394
Sabiá mammarenavirus,100,True,0.2645962195359095,0.40943840174022983,0.3155529921596702
Saboya virus,100,False,0.2673787648645602,0.5064231512904718,0.38130858138388707
Saimiriine alphaherpesvirus 1,100,False,0.2614081568931515,0.36282544428470764,0.30306596598006313
Saimiriine gammaherpesvirus 2,100,False,0.2573569850037104,0.40162291043880455,0.30350541625788297
Salmon pancreas disease virus,100,False,0.2671895682978259,0.48072684405761035,0.352987441659341
Sandfly fever Naples phlebovirus,100,True,0.2583353459896131,0.34955506475852893,0.2997967989166419
Sangassou orthohantavirus,100,False,0.2565835504465632,0.3322603432166314,0.2876840227157629
Sapelovirus B,100,False,0.2621948195082343,0.3712028946301501,0.30166529255446184
Sapporo virus,100,True,0.2582950058478515,0.42384959093129515,0.30917199804254003
Saumarez Reef virus,100,False,0.27034167626112837,0.4655377911486254,0.3646980001721309
Scotophilus bat coronavirus 512,100,False,0.26353149198196013,0.31454112835735043,0.28387151514940206
Sena Madureira sripuvirus,100,False,0.24999081067771628,0.3128068073577833,0.270778752522583
Senecavirus A,100,False,0.2588251851242849,0.4108214176978824,0.3022479257048826
Sepik virus,100,True,0.26512603029236675,0.455241549009882,0.3387249066420805
Severe acute respiratory syndrome-related coronavirus,100,True,0.2575755160382806,0.356454660563977,0.29369157372277127
Sheeppox virus,100,False,0.26350187907311984,0.3867816562441899,0.3092385886710999
Shimoni bat lyssavirus,100,True,0.25625088539043217,0.3633168112954801,0.2953015149732046
Shuangao insect herbevirus 1,100,False,0.2558279348452246,0.44124137720507217,0.31190028877847475
Shuni orthobunyavirus,100,True,0.26348506089441853,0.418438720182321,0.3262060595181456
Sicinivirus A,100,False,0.2519213137412155,0.4149402991324129,0.3114180950535037
Simbu orthobunyavirus,100,False,0.2524269799417982,0.3465681568738036,0.2849798534413394
Simian hemorrhagic fever virus,100,False,0.2708440123617756,0.2899454889516969,0.2803698408668271
Simian immunodeficiency virus,100,True,0.26089585194806053,0.3426035637124849,0.293776865026501
Simian rubulavirus,100,False,0.26776083798408223,0.3974798380403993,0.3089753779395785
Small ruminant morbillivirus,100,False,0.25990038009338506,0.35341161985973857,0.30005457415836395
Snakehead novirhabdovirus,100,False,0.27307115396126136,0.29074004302164824,0.28151494978813496
Sonchus yellow net nucleorhabdovirus,100,False,0.2634796243464889,0.36235951650528814,0.29952414595285315
Sosuga rubulavirus,100,True,0.26186969956271444,0.34785974485328597,0.28923373263235935
Southern elephant seal virus,100,False,0.2734316753300342,0.47672698025143667,0.3514597917613555
Southern rice black-streaked dwarf virus,100,False,0.2706480441593931,0.28833660359053026,0.2807923589867228
Squirrel monkey retrovirus,100,False,0.26911747128077323,0.2906391266190611,0.28060019678507175
St Croix River virus,100,False,0.25360153307798283,0.3662313839482519,0.2887168723618441
St. Louis encephalitis virus,100,True,0.2633849530660568,0.4618523019184714,0.33742464687246504
Sudan ebolavirus,100,True,0.28025770423265295,0.3488830144488574,0.30745126557086283
Swinepox virus,100,False,0.2605430457600669,0.41247977695257443,0.30864196217993806
Tacaribe mammarenavirus,100,True,0.2577887452699735,0.3305126574952813,0.2869241263572691
Taï Forest ebolavirus,100,True,0.285601828397413,0.34738268095167635,0.3090292289327337
Tai herbevirus,100,False,0.26016379920916477,0.4399153572020752,0.3238225230735282
Tamiami mammarenavirus,100,False,0.25593473631028985,0.3353539682549503,0.2830703615121039
Tanapox virus,100,True,0.2582637056946325,0.3700271169463325,0.2976286953723791
Taro vein chlorosis nucleorhabdovirus,100,False,0.2551011092536878,0.39622594172405146,0.30149756083663876
Taterapox virus,100,False,0.25017528056764055,0.40185458677835584,0.2936588102214981
Tembusu virus,100,True,0.2726028111291686,0.47169319166334633,0.3500483516492415
Teschovirus A,100,False,0.2599925352114304,0.41759092224442335,0.30481049249133546
Tete orthobunyavirus,100,False,0.26253036335396046,0.4215760931502065,0.31708445164515675
Teviot rubulavirus,100,False,0.2497519729826267,0.3337489811335485,0.28831868544727957
Thiafora orthonairovirus,100,True,0.26390940918996697,0.3569068004110391,0.2999319515437978
Thottapalayam orthohantavirus,100,True,0.2562819563993506,0.3737119098623997,0.2969513535778552
Tick-borne encephalitis virus,100,True,0.2651546546960718,0.45374734799254307,0.33480822170611124
Tonate virus,100,True,0.2619348135219272,0.44518569517416606,0.31947711995175904
Torchivirus A,100,False,0.26434285101728694,0.3699513738495255,0.3075614683259507
Tree shrew mastadenovirus A,100,False,0.25713654166952404,0.3541005602613039,0.2964759218704389
Tuhoko rubulavirus 1,100,False,0.26198459332715773,0.3698781599269272,0.3038181713744651
Tuhoko rubulavirus 2,100,False,0.2557053843356601,0.3493959645376036,0.2905403973221394
Tuhoko rubulavirus 3,100,False,0.26680691300531695,0.4081715367752863,0.3218091953017502
Tupaia tupavirus,100,False,0.24055805756614732,0.29125039746448134,0.26587813306921837
Tupaiid betaherpesvirus 1,100,False,0.253295420949468,0.3639418679769659,0.29714309762141355
Turlock orthobunyavirus,100,False,0.25878904720258844,0.3436038297135004,0.28811135310211017
Tylonycteris bat coronavirus HKU4,100,False,0.2598944141584921,0.32188769131683803,0.2849910108847103
Uganda S virus,100,False,0.27488122179916424,0.5117591736424479,0.37816442215344226
Umatilla virus,100,False,0.25805592137269134,0.3703272283847086,0.30133777217508223
Una virus,100,False,0.2737624696399135,0.49259882278858264,0.35791857850787634
Ungulate bocaparvovirus 1,100,False,0.2619220467306869,0.3792338789302109,0.30365921837239573
Ungulate protoparvovirus 1,100,False,0.2690278499125112,0.2883097003375659,0.2797216623200654
Uukuniemi phlebovirus,100,True,0.25958842732958554,0.3624083634796073,0.3007958529163626
Variola virus,100,True,0.25837795664896906,0.412253690276711,0.29796455106480163
Volepox virus,100,False,0.2612381188115653,0.38133185308240203,0.304079099374104
Wallal virus,100,False,0.2633913644276915,0.35761390635665335,0.2981302557710557
Walleye dermal sarcoma virus,100,False,0.27296403284918197,0.3083028159101644,0.2883233205661327
Waterbird 1 bornavirus,100,False,0.26100699308299286,0.37747510076981083,0.3037931071269394
Wenzhou mammarenavirus,100,False,0.2570473043364581,0.32162344068100424,0.2807836744466952
West Caucasian bat lyssavirus,100,True,0.2571452239861083,0.3732837171986402,0.2960935052523594
West Nile virus,100,True,0.2617464508958107,0.47834864708712543,0.34705566395347964
Whataroa virus,100,False,0.2696016293764446,0.48855464503643475,0.3657989862988952
White bream virus,100,False,0.26378590852256667,0.3619978342098616,0.29765522807045547
White-eye coronavirus HKU16,100,False,0.2570857833263423,0.3987393499970949,0.31009365327193367
Whitewater Arroyo mammarenavirus,100,True,0.2540032117441663,0.36681422067401176,0.28884789427682905
Wobbly possum disease virus,100,False,0.22574560946225541,0.30838765948504654,0.28744425960211645
Wongabel hapavirus,100,False,0.2332969920879103,0.30839788883209596,0.265021734166419
Woodchuck hepatitis virus,100,False,0.27284090114024895,0.36004755997829574,0.30165438714302073
Wound tumor virus,100,False,0.27267210590955565,0.2923275931898722,0.2815106002903465
Wuhan fly phasivirus,100,False,0.25807203384628363,0.388558179515122,0.3019554647377812
Wuhan ledantevirus,100,False,0.23985148028870357,0.3049658794921605,0.26686533969671916
Wutai mosquito phasivirus,100,False,0.26335694267064613,0.40931898988687754,0.30702776064332654
Wyeomyia orthobunyavirus,100,True,0.2533889691121765,0.29635992750175777,0.27081527217090945
Xipapillomavirus 1,100,False,0.29682604681995567,0.49226387783117354,0.3829258206891927
Yaba monkey tumor virus,100,False,0.2597468386687522,0.39149001496815805,0.3005028342318361
Yichang insect goukovirus,100,False,0.24814133311030717,0.38414039222504004,0.30694330812975656
Yug Bogdanovac vesiculovirus,100,False,0.24979979975090363,0.31311967506671257,0.26940551599388507
Yunnan orbivirus,100,False,0.2647966464531275,0.3613737620874321,0.29768291197364705
Zaire ebolavirus,100,True,0.28397619549503583,0.3595885058988421,0.31097516211650267
Zika virus,100,True,0.28896680815976,0.5008429664103393,0.3943093807116869
Adelaide River ephemerovirus,100,False,0.24905699900704653,0.3888389155089842,0.2958426079211157
Akabane orthobunyavirus,100,False,0.2574333681548142,0.34185980546883243,0.2838393835505683
Alagoas vesiculovirus,100,True,0.24288761140751441,0.2865459631822061,0.2648089135640197
Alajuela orthobunyavirus,100,False,0.2656227680945408,0.4458104212308822,0.3305627844723723
Alethinophid 1 reptarenavirus,100,False,0.25284912082020683,0.4213183056123909,0.3029009544834432
Alphacoronavirus 1,100,False,0.2615940600397833,0.32425613190676195,0.28531135070031183
Apoi virus,100,False,0.27280579459412846,0.5249827253264122,0.3959380970097053
Aroa virus,100,True,0.2720794204859131,0.4872682815403321,0.3810978288043271
Avastrovirus 2,100,False,0.26507388898973194,0.38050046405294347,0.30293267420445036
Avian avulavirus 12,100,False,0.26158544459173283,0.3550524416530665,0.299253755314068
Avian avulavirus 13,100,False,0.2586198525779434,0.34878464845695456,0.292242015813186
Avian avulavirus 6,100,False,0.2580095420561354,0.3839724332989355,0.3027292699650212
Avian orthoreovirus,100,False,0.2668223340218613,0.3529514958212918,0.29368622009667017
Avian sapelovirus,100,False,0.2630269003830144,0.36878913232951005,0.30256468712522094
Avisivirus B,100,False,0.26281224436099926,0.3472142993591183,0.2944576078847007
Avisivirus C,100,False,0.26577604542874517,0.3746586030454803,0.30109773237368564
Baboon orthoreovirus,100,False,0.2661771431106764,0.35056118255651403,0.2937081270962776
Bat mumps rubulavirus,100,False,0.2612524272993363,0.4083855196102927,0.3143985477580182
Batama orthobunyavirus,100,False,0.26385419700769497,0.47142803095434954,0.3259313828597907
Bear Canyon mammarenavirus,100,False,0.2556479574630859,0.3764829232781486,0.29363852519681255
Betapapillomavirus 1,100,True,0.27094089162622814,0.4878900914271699,0.3523988626186843
Bimiti orthobunyavirus,100,False,0.2555069564854442,0.35514914266853687,0.28996398501552884
Bluetongue virus,100,False,0.26087292870773704,0.38196680178728903,0.29437653283376247
Border disease virus,100,False,0.26360869647859325,0.3905564293006075,0.29797765537935733
Bovine gammaherpesvirus 4,100,False,0.26442171532819364,0.37175194808947787,0.2962411556142993
Bovine torovirus,100,False,0.2705371965788387,0.28983870649180876,0.28074649539991364
Bovine viral diarrhea virus 3,100,False,0.26570747817118706,0.4048889359971638,0.2950606220532584
Cabassou virus,100,False,0.26371140274549376,0.4315064878323138,0.329636068503574
Cadicivirus A,100,False,0.2588097135968371,0.42252606845029017,0.31479397882093746
California encephalitis orthobunyavirus,100,True,0.2586014973621529,0.36194374373578725,0.2971572234299778
Canine mastadenovirus A,100,False,0.2610014583034459,0.37122879705393064,0.29740650913545946
Cao Bang orthohantavirus,100,False,0.25771395348699494,0.3568409381376707,0.2926405300099484
Carajas vesiculovirus,100,False,0.24774943891011186,0.3031422814129642,0.2694611309718333
Catu orthobunyavirus,100,True,0.2567362169331165,0.3541167144619703,0.29109059549140714
Cercopithecine alphaherpesvirus 2,100,False,0.25862416509856045,0.3972375184362734,0.30180521778363506
Chaco sripuvirus,100,False,0.26464216613928687,0.39561569286765336,0.30961335948455404
Corriparta virus,100,False,0.26361991225987136,0.35088065899422144,0.2988456248396682
Cosavirus A,100,True,0.264841021948844,0.3957290600955488,0.30290652956302805
Cosavirus E,100,True,0.26930966634081516,0.42228942758280097,0.31979367200590897
Cosavirus F,100,True,0.2583370835850991,0.3834609526558022,0.30693385513886134
Datura yellow vein nucleorhabdovirus,100,False,0.2670614186884956,0.4021885263947999,0.30486967636968265
Enterovirus E,100,False,0.2589942533578944,0.35985332260096636,0.30074908592667515
Equid alphaherpesvirus 3,100,False,0.2623472928970083,0.3823451522622731,0.2999546569212228
Equid alphaherpesvirus 4,100,False,0.25857356522372127,0.35777781304152245,0.29633563457619166
European bat 2 lyssavirus,100,True,0.2543498150403507,0.4005657862804766,0.30585413053554567
Fathead minnow nidovirus 1,100,False,0.2713770883756962,0.2915533205018179,0.28065693844289824
Ferak orthoferavirus,100,False,0.2681934501548723,0.3074368948802787,0.28284363514783356
Gammapapillomavirus 2,100,True,0.2731946327122231,0.49029848780297225,0.34964294477730945
Gammapapillomavirus 3,100,True,0.2732120165417398,0.48795142634018374,0.36553444906329635
Goatpox virus,100,False,0.262801508791753,0.4374196029471674,0.3054277096507917
Hepacivirus C,100,True,0.26552125834513385,0.3552781013709091,0.2961726090439067
Hepacivirus F,100,False,0.27078491473413707,0.33480047028786036,0.2899923725215762
Hepacivirus G,100,False,0.26441603415695575,0.3531044870416591,0.2956216442111091
Hepatitis B virus,100,True,0.27101848843657705,0.29576964576717907,0.28114124086043685
Highlands J virus,100,False,0.268134997914584,0.4751906081473627,0.34427840886387323
Human coronavirus HKU1,100,True,0.26104650612807473,0.3763971254267499,0.29598198547554916
Human mastadenovirus C,100,True,0.2649364894785304,0.3863640779124117,0.30713016665075143
Human mastadenovirus E,100,True,0.25713963004090695,0.39819345924869787,0.2993827511222076
Human polyomavirus 1,100,True,0.2549639154903548,0.4134515377420185,0.3013187416925187
Human respirovirus 3,100,True,0.25383313739329083,0.37115302031562614,0.29852731558365725
Ilheus virus,100,True,0.2688044276869109,0.467079122684139,0.3504668598736117
Influenza D virus,100,False,0.28808902888380505,0.3573720232373747,0.3170596898688628
Isfahan vesiculovirus,100,True,0.24064591707619312,0.29204029176463564,0.26582122436753375
Jaagsiekte sheep retrovirus,100,False,0.27217256570712894,0.2889725940253728,0.28116530800146555
Kafue kinda chacma baboon virus,100,False,0.2702835112541864,0.28936485020414393,0.28130338825357326
Kolente ledantevirus,100,False,0.24407573238530486,0.29483961376466117,0.26613429105277303
Kunsagivirus A,100,False,0.2731155728011956,0.2977353346594851,0.2827143288038798
Lactate dehydrogenase-elevating virus,100,False,0.27010453277491514,0.2897125125917891,0.2806295078565539
Lassa mammarenavirus,100,True,0.25461554936478203,0.3476662800722423,0.2909923692215783
Lebombo virus,100,True,0.2612738449222216,0.36476493211474914,0.29790177733861684
Lettuce big-vein associated varicosavirus,100,False,0.27174781634693546,0.29187996604713085,0.28101832732271587
Lumpy skin disease virus,100,False,0.255008533407567,0.3926083856766247,0.30567269971281313
Lunk mammarenavirus,100,False,0.25435780884818965,0.3278762891730169,0.28519731058483716
Macacine betaherpesvirus 3,100,False,0.26301263217976933,0.3736708776606733,0.29629947232184356
Maize fine streak nucleorhabdovirus,100,False,0.2683296949790587,0.3446871562713446,0.2935884621593497
Maize Iranian mosaic nucleorhabdovirus,100,False,0.2612732222518428,0.3855132372384413,0.29879092789833883
Malpais Spring vesiculovirus,100,False,0.24958594448382798,0.3831910133081392,0.2994990233739935
Mamastrovirus 2,100,False,0.2583316131786949,0.3589018817970926,0.29817092263654627
Mamastrovirus 3,100,False,0.264925345225737,0.3715084993035411,0.2977249082330533
Mamastrovirus 9,100,True,0.25963635863101464,0.35198571529979056,0.29822006884287866
Maporal orthohantavirus,100,False,0.25550836641877384,0.32112979537149455,0.2847662762475246
Mason-Pfizer monkey virus,100,False,0.27071802172568715,0.28893541298140457,0.28021259530326365
Melegrivirus A,100,False,0.2664356940750178,0.3819406844632117,0.3009147733779681
Mischivirus A,100,False,0.262489270670747,0.38803173048259554,0.3036850120110555
Mossuril hapavirus,100,False,0.23643024186645023,0.30724121883913325,0.26439417473526944
Mouse mammary tumor virus,100,False,0.26796399564932966,0.29081988616578647,0.28024870910441574
Moussa virus,100,False,0.2505645282729224,0.36863333886921856,0.29451061513576643
Mucambo virus,100,True,0.27336791690148154,0.4858483075451235,0.3741152131693289
Murine leukemia virus,100,False,0.26869646190937746,0.3457876962308559,0.2933969076305482
Ngaingan hapavirus,100,False,0.24964376025542004,0.3975164124106921,0.31549372319115443
Niakha sripuvirus,100,False,0.24729858475602506,0.3147968166930325,0.27581553636894063
Norwalk virus,100,True,0.16039865239842022,0.3055913368829054,0.2737798840567046
Nova orthohantavirus,100,False,0.2615491911818923,0.39626893614341596,0.30455330015890925
Nupapillomavirus 1,100,True,0.27014435710953855,0.47569331980896334,0.35055254755567733
Orungo virus,100,True,0.26441102266174255,0.35577927934378073,0.29527571028413613
Palyam virus,100,True,0.26479661456150383,0.3590561670155119,0.29490814460202147
Parechovirus C,100,False,0.26649833422195207,0.35215133405813726,0.2955616378498889
Pegivirus G,100,False,0.2618643656294434,0.3455113239780898,0.293431009603647
Perinet vesiculovirus,100,False,0.257795792909307,0.3564109531456725,0.2900645625690957
Piscihepevirus A,100,False,0.26822073747216735,0.29502387162537813,0.2809070778642623
Piscine novirhabdovirus,100,False,0.2694456441993085,0.2894170349124724,0.2814734681071693
Porcine circovirus 1,100,False,0.2697149792252403,0.2993903030122169,0.2806959503732266
Primate erythroparvovirus 1,100,True,0.27046653074179994,0.3482339492870645,0.29574878544511346
Rabbit hemorrhagic disease virus,100,False,0.26196388358144673,0.3680255051395044,0.30032384718803584
Rabies lyssavirus,100,True,0.2511019823773851,0.34885851849267985,0.2869798895625683
Rhinovirus B,100,True,0.2590775425880575,0.38188687678176997,0.30089022896314177
Rotavirus A,100,True,0.2617533469917849,0.3647538654741222,0.2997578096420725
Rotavirus C,100,True,0.24862783058499288,0.35089071460539933,0.2940567396597836
Rousettus bat coronavirus HKU9,100,False,0.2579676720949388,0.32617513058907016,0.2850708570407418
Salehabad phlebovirus,100,False,0.25918161327675093,0.44658600287766137,0.3101041917495415
Salivirus A,100,True,0.2679728350064847,0.34150309160922143,0.29072538262705705
Sapelovirus A,100,False,0.2602836007192575,0.39129722250987325,0.3043519530042815
Semliki Forest virus,100,True,0.26757085818182946,0.4595691411562819,0.34544271076274596
Shamonda orthobunyavirus,100,True,0.2608917515461239,0.38150222569933784,0.2895214088310612
Sin Nombre orthohantavirus,100,True,0.25845854412109664,0.35021546641809265,0.29013581756826967
Solwezi mammarenavirus,100,False,0.2590524695122149,0.3743886042602944,0.2970671874870386
Squirrelpox virus,100,False,0.26131569844756003,0.3814211646154928,0.3073870053124466
Strawberry crinkle cytorhabdovirus,100,False,0.27065452878866836,0.3433531514721692,0.29230815698504314
Sweetwater Branch tibrovirus,100,False,0.2483402135329559,0.3107325163253972,0.27785748734421784
Tellina virus,100,False,0.27004904072813046,0.288139375847603,0.2807632586409639
Thimiri orthobunyavirus,100,False,0.2595506527398993,0.3490411481349083,0.2916913754172295
Tyuleniy virus,100,False,0.2706007231586001,0.484159979736916,0.3576428531701851
Vesicular exanthema of swine virus,100,True,0.2640205580432112,0.3853961606968761,0.2973488186113891
Wesselsbron virus,100,True,0.26685137717739355,0.444844823485463,0.3365160219276521
Woolly monkey sarcoma virus,100,False,0.2706288014935371,0.2900906084216591,0.2797014632690313
Yata ephemerovirus,100,False,0.24127950913983312,0.30160351215269937,0.26545656049284744
Yokose virus,100,False,0.28063777551817193,0.5017927467232258,0.39416088611248323
Zegla orthobunyavirus,100,False,0.2608528083858749,0.4174500538904125,0.29708422128709283
Zetapapillomavirus 1,100,False,0.30516398446869675,0.4757189395483121,0.3834116546199361
Achimota rubulavirus 1,100,False,0.25666906423734037,0.3530640818300538,0.2959604836322602
Achimota rubulavirus 2,100,False,0.26519000016459515,0.387218331534248,0.3095867686348643
Alcelaphine gammaherpesvirus 2,100,False,0.2643292183152226,0.36889628274062003,0.29866087926306983
Alphapapillomavirus 10,100,True,0.27551705164082585,0.4730490480469579,0.3458964745834013
Anopheles A orthobunyavirus,100,True,0.25696942094927144,0.3462186747275579,0.28908558309778154
Aquareovirus B,100,False,0.2708288476597791,0.2887183037383012,0.28023798021741686
Aquareovirus G,100,False,0.2648091331212001,0.35892251941285613,0.2947070920718564
Australian bat lyssavirus,100,True,0.25364112142141515,0.38906535634977124,0.3080544145796982
Avian avulavirus 10,100,False,0.25681333562481445,0.4138878260568488,0.30861737592856303
Avian avulavirus 4,100,False,0.2607255028858587,0.40840444199216563,0.3099200222826961
Avian avulavirus 5,100,False,0.2570302088010359,0.3717356063044053,0.3021202649529557
Avian metapneumovirus,100,False,0.2645538351048509,0.39290715495735695,0.3016330658966214
Banna virus,100,True,0.26811742484850787,0.28914357748148256,0.27908880414634135
Bovine alphaherpesvirus 5,100,False,0.258574834104026,0.38289571894392993,0.301003311800314
Bovine foamy virus,100,False,0.2778699841795314,0.41599142459933147,0.3222736918407958
Bovine nidovirus 1,100,False,0.2704457820059236,0.2896782993596514,0.2800979772570699
Bovine papular stomatitis virus,100,True,0.2583489097885387,0.3980408927016345,0.3060647988449425
Bruges orthohantavirus,100,False,0.2630870797719856,0.36672279649266015,0.30201137536902767
Callitrichine gammaherpesvirus 3,100,False,0.26521654398985417,0.34613678213157284,0.2959431776395529
Caraparu orthobunyavirus,100,True,0.2601754029449429,0.3507207999239863,0.2952581891789968
Coastal Plains tibrovirus,100,False,0.24908814810578628,0.4408595616306686,0.334159952109845
Dhori virus,100,False,0.2753357692404452,0.3415692252072983,0.30242207447882935
Drosophila melanogaster sigmavirus,100,False,0.24497403677872553,0.2987621645873485,0.2642132243952146
Edge Hill virus,100,False,0.2760557049006813,0.4814601511497132,0.3727965581723871
Ekpoma 2 tibrovirus,100,True,0.24831950625829063,0.33873833834979766,0.2846068985499867
Equine infectious anemia virus,100,False,0.26743450854899586,0.3728004769026261,0.30124436343714805
Equine mastadenovirus B,100,False,0.25936334244643583,0.37107887234011555,0.30127643842561364
Feline leukemia virus,100,False,0.26965781142939527,0.288729138490586,0.2804044016634224
Fikirini ledantevirus,100,False,0.23570078999235275,0.30518260099391264,0.2650395566698768
Gammapapillomavirus 1,100,True,0.27427631710856426,0.4736063130562867,0.3400416456105539
Gray Lodge hapavirus,100,False,0.24188861829498093,0.2982564906430199,0.2654221376159068
Great Island virus,100,True,0.2612048128370931,0.35822370634937534,0.29559412960988896
Guajara orthobunyavirus,100,False,0.25213541902778125,0.34125943054316404,0.281660581442249
Harkavirus A,100,False,0.2572505168014211,0.37152822076268244,0.2985705604661803
Hepatovirus B,100,False,0.2661824057603589,0.3798726275299292,0.30188075357214494
Hepatovirus D,100,False,0.26272157467894725,0.36431603964817827,0.29777407412687223
Hepatovirus E,100,False,0.26288241095351367,0.3753148509659441,0.29891335557784365
Human alphaherpesvirus 1,100,True,0.2609640147590508,0.37076542704138377,0.3010828009743606
Human gammaherpesvirus 8,100,True,0.26329929787310863,0.3310930447394898,0.2896307819845155
Human immunodeficiency virus 2,100,True,0.26635865290340865,0.3462089915890104,0.2959945787989721
Human picobirnavirus,100,True,0.1616784091545529,0.29971067903947524,0.2721235062604219
Hunnivirus A,100,False,0.254873460804278,0.40781979158397264,0.30224637114920483
Indiana vesiculovirus,100,True,0.24347237095736463,0.3068330012945859,0.2688465349691767
Infectious pancreatic necrosis virus,100,False,0.2727375500215019,0.291209202725228,0.28096934314730065
Influenza B virus,100,True,0.27359487066800714,0.36614799103551554,0.30754077662860885
Influenza C virus,100,True,0.2690881970623744,0.41016004190006405,0.3157373705596866
Iranian wheat stripe tenuivirus,100,False,0.2682671486456356,0.29046311589067847,0.28061558060214986
Japanese encephalitis virus,100,True,0.2617391103628874,0.45842193980913853,0.3362972713276653
Kadam virus,100,False,0.2729923288049978,0.474735151307395,0.352477312874998
Kadipiro virus,100,False,0.2653308523243354,0.37974114268891446,0.2921629259874583
Kaeng Khoi orthobunyavirus,100,False,0.25668869957447166,0.42878088653526947,0.31862920847044196
Kamese hapavirus,100,False,0.25327852377434334,0.42015628050483655,0.3243486676233799
Kappapapillomavirus 2,100,False,0.28702386918737055,0.49046670414529203,0.3797787878803648
Kasokero orthonairovirus,100,True,0.2671066192226452,0.3471480458203736,0.29746859455103003
Kedougou virus,100,False,0.2842640094410513,0.5063861886584391,0.39030279932759876
Kenkeme orthohantavirus,100,False,0.25770819648954496,0.3322189995812689,0.29211090437741766
Kibale herbevirus,100,False,0.25546710388638644,0.3547288772258067,0.28825845341159617
Koongol orthobunyavirus,100,False,0.257186062829918,0.38241639680033684,0.29247031164358495
Kumasi ledantevirus,100,False,0.24641219305015127,0.44078103762256393,0.32116321181819385
La Joya hapavirus,100,False,0.2448497666059714,0.3061863055267695,0.2680667716475779
Limnipivirus A,100,False,0.2645170595575147,0.36380130859385534,0.29961395811048874
Macropodid alphaherpesvirus 1,100,False,0.2653584455831458,0.3644856159513418,0.2994564072623372
Madariaga virus,100,True,0.2670664898776649,0.47790971842477153,0.34975338594295763
Main Drain orthobunyavirus,100,False,0.25751797532269743,0.3383466277352033,0.28369752865356945
Maize mosaic nucleorhabdovirus,100,False,0.2701033662289666,0.28957400223508134,0.28007037067900037
Maize rough dwarf virus,100,False,0.2712958514018827,0.2881089839631261,0.2805448621986433
Mamastrovirus 13,100,False,0.259824135893285,0.351254498028714,0.2969869111467506
Mamastrovirus 6,100,True,0.25884059717388835,0.3540066601712113,0.2951680694614078
Mammalian rubulavirus 5,100,True,0.26402126158363215,0.40055347987784456,0.31302921485924867
Manzanilla orthobunyavirus,100,False,0.26087557485406454,0.3571982117857222,0.2911833601602923
Mapuera rubulavirus,100,False,0.26313415523924544,0.3902917737764252,0.3058711392777536
Meaban virus,100,False,0.2648277200127968,0.4775232766833266,0.3473675135885851
Mesocricetus auratus polyomavirus 1,100,False,0.26850217575614505,0.44223574311781744,0.3144151719882668
Miniopterus bat coronavirus 1,100,False,0.25772271535734503,0.3508479691493143,0.2889138833375766
Mobala mammarenavirus,100,False,0.2555929249207519,0.37539487324847914,0.2920145574043753
Moloney murine sarcoma virus,100,False,0.27127934755797206,0.28962034530940317,0.2806687069378771
Munia coronavirus HKU13,100,False,0.2521601432213171,0.352482924626707,0.29361844660085096
Murray Valley encephalitis virus,100,True,0.2596736028101185,0.465585088047726,0.339680377013379
Mycoreovirus 1,100,False,0.27247685338036143,0.3012391924746245,0.2826295460648103
Night heron coronavirus HKU19,100,False,0.2614019951212144,0.4088865131330663,0.30672767539832035
Nilaparvata lugens reovirus,100,False,0.2713712603673647,0.29026564863579996,0.28124359105435665
Northern cereal mosaic cytorhabdovirus,100,False,0.2694235472702604,0.36206982860766423,0.2981764758122587
Nyando orthobunyavirus,100,True,0.2564019048152516,0.3665518615412211,0.29602785020916655
O'nyong-nyong virus,100,True,0.2629124060583309,0.4862451050220484,0.3433582465761639
Oliveros mammarenavirus,100,False,0.2579567267413105,0.3710869227864716,0.29203604956928503
Ord River hapavirus,100,False,0.2413863080248045,0.33642688176038726,0.278587222559543
Orthohepevirus C,100,False,0.26383506245459154,0.3592331846569121,0.29478572262903285
Papiine alphaherpesvirus 2,100,False,0.2558062971040913,0.3935457654777078,0.3072130177591797
Pasivirus A,100,False,0.262186680206592,0.3823494315903849,0.3045356418186179
Pegivirus I,100,False,0.25892640282997126,0.36578214946544024,0.30180441478406633
Peruvian horse sickness virus,100,False,0.26273136422444743,0.357344989630284,0.29552756927329
Pipistrellus bat coronavirus HKU5,100,False,0.26013042237347095,0.3426304548954031,0.2893425021621611
Piry vesiculovirus,100,True,0.25265794192475394,0.3375007616771025,0.28161070082001466
Pixuna virus,100,True,0.26605729071930856,0.45200612473149476,0.32693494939064593
Psittaciform 1 bornavirus,100,False,0.2681850108698195,0.37824145050575275,0.30355308796500674
Punta Toro phlebovirus,100,True,0.25932442766630426,0.3471603605466879,0.2921771731562048
Rabbit picobirnavirus,100,False,0.21811061730003306,0.30597349249103684,0.28699173332677347
Rice hoja blanca tenuivirus,100,False,0.25997340602878904,0.38974348366822753,0.30357658977604074
Rift Valley fever phlebovirus,100,True,0.26246150257627454,0.3618919212258726,0.29479253569120883
Rio Bravo virus,100,True,0.2846747601862201,0.48806809064047807,0.38318415890316204
Rodent erythroparvovirus 1,100,False,0.2662720551373913,0.42235966573559103,0.3151668520815053
Sakhalin orthonairovirus,100,False,0.26168428298791124,0.3811096044563397,0.3030235837620078
Sakobuvirus A,100,False,0.26164373419461484,0.359952167621197,0.2942633361068342
Salmon aquaparamyxovirus,100,False,0.2616462984513404,0.3808355150462756,0.30185680573030144
Salmonid novirhabdovirus,100,False,0.27231415747892596,0.2897125125917891,0.28107022286854955
Seoul orthohantavirus,100,True,0.26583792812205465,0.3575001582568213,0.2992226722062962
SFTS phlebovirus,100,True,0.2540848700823308,0.4208734064891458,0.30085705738673435
Simian foamy virus,100,True,0.2665069468181034,0.36471903011503165,0.3030111663107684
Simian hemorrhagic encephalitis virus,100,False,0.2714928923746045,0.2907631208231645,0.27991158787428555
Sindbis virus,100,True,0.2612469577511489,0.4855305396522004,0.3508637998873734
Sripur sripuvirus,100,False,0.24802959502973448,0.3589112475892544,0.2846464425146611
Suid alphaherpesvirus 1,100,False,0.2671559514105811,0.3725170179176357,0.30067703115589983
Tacaiuma orthobunyavirus,100,True,0.2544253119863285,0.3392150524199632,0.2885330232099858
Thailand orthohantavirus,100,False,0.2590509949438034,0.3247790003552522,0.28483309043192545
Thogoto virus,100,True,0.26709103849849025,0.29607607554085547,0.2791925396770099
Tibrogargan tibrovirus,100,False,0.23593996573430492,0.3090569138144259,0.2683587919381134
Tioman rubulavirus,100,False,0.26224853408093163,0.407955748088031,0.3109613700985657
Tremovirus A,100,False,0.2668172143163847,0.36724780083404496,0.30113272836819566
Tula orthohantavirus,100,True,0.25661116020004643,0.35838586885672286,0.29038661457155635
Venezuelan equine encephalitis virus,100,True,0.2604605424821271,0.43533938203363276,0.32300271068407915
Visna/maedi virus,100,False,0.26588522021281824,0.3528594950072278,0.30053803921255934
Wad Medani virus,100,False,0.26089403268589983,0.3713618561142223,0.299448193474289
Warrego virus,100,False,0.2616629013713082,0.34477967978521085,0.2980189239032657
Western equine encephalitis virus,100,True,0.26390976406095035,0.48200399009920947,0.34112548407749205
Wigeon coronavirus HKU20,100,False,0.2572127644154336,0.31997168773528084,0.28197401188316723
Yaounde virus,100,False,0.26554142740968634,0.4591323491749951,0.3476761888337081
Yellow fever virus,100,True,0.26820336540355577,0.4794846269662723,0.34494370706370825
Yellowtail ascites virus,100,False,0.26971601729484673,0.28834012341982473,0.2792773365152388
Yongjia ledantevirus,100,False,0.2465605664723763,0.4207044006464153,0.3181033108807097
