Rank,prop_screened,prop_found
1,0.0011614401858304297,0
2,0.0023228803716608595,0
3,0.003484320557491289,0
4,0.004645760743321719,0
5,0.005807200929152149,0
6,0.006968641114982578,0
7,0.008130081300813009,0
8,0.009291521486643438,0
9,0.010452961672473868,0
10,0.011614401858304297,0
11,0.012775842044134728,0
12,0.013937282229965157,0
13,0.015098722415795587,0
14,0.016260162601626018,0
15,0.017421602787456445,0
16,0.018583042973286876,0.0038314176245210726
17,0.019744483159117306,0.007662835249042145
18,0.020905923344947737,0.011494252873563218
19,0.022067363530778164,0.011494252873563218
20,0.023228803716608595,0.01532567049808429
21,0.024390243902439025,0.019157088122605363
22,0.025551684088269456,0.019157088122605363
23,0.026713124274099883,0.019157088122605363
24,0.027874564459930314,0.022988505747126436
25,0.029036004645760744,0.02681992337164751
26,0.030197444831591175,0.03065134099616858
27,0.0313588850174216,0.034482758620689655
28,0.032520325203252036,0.038314176245210725
29,0.03368176538908246,0.0421455938697318
30,0.03484320557491289,0.0421455938697318
31,0.036004645760743324,0.0421455938697318
32,0.03716608594657375,0.0421455938697318
33,0.03832752613240418,0.04597701149425287
34,0.03948896631823461,0.04980842911877394
35,0.04065040650406504,0.05363984674329502
36,0.041811846689895474,0.05363984674329502
37,0.0429732868757259,0.05747126436781609
38,0.04413472706155633,0.06130268199233716
39,0.04529616724738676,0.06513409961685823
40,0.04645760743321719,0.06896551724137931
41,0.047619047619047616,0.07279693486590039
42,0.04878048780487805,0.07662835249042145
43,0.04994192799070848,0.07662835249042145
44,0.05110336817653891,0.08045977011494253
45,0.05226480836236934,0.0842911877394636
46,0.053426248548199766,0.0842911877394636
47,0.0545876887340302,0.0842911877394636
48,0.05574912891986063,0.08812260536398467
49,0.056910569105691054,0.09195402298850575
50,0.05807200929152149,0.09195402298850575
51,0.059233449477351915,0.09578544061302682
52,0.06039488966318235,0.09961685823754789
53,0.06155632984901278,0.09961685823754789
54,0.0627177700348432,0.09961685823754789
55,0.06387921022067364,0.09961685823754789
56,0.06504065040650407,0.09961685823754789
57,0.06620209059233449,0.10344827586206896
58,0.06736353077816493,0.10727969348659004
59,0.06852497096399536,0.1111111111111111
60,0.06968641114982578,0.1111111111111111
61,0.07084785133565621,0.11494252873563218
62,0.07200929152148665,0.11877394636015326
63,0.07317073170731707,0.12260536398467432
64,0.0743321718931475,0.12643678160919541
65,0.07549361207897794,0.13026819923371646
66,0.07665505226480836,0.13409961685823754
67,0.07781649245063879,0.13793103448275862
68,0.07897793263646923,0.1417624521072797
69,0.08013937282229965,0.14559386973180077
70,0.08130081300813008,0.14942528735632185
71,0.08246225319396051,0.1532567049808429
72,0.08362369337979095,0.15708812260536398
73,0.08478513356562137,0.16091954022988506
74,0.0859465737514518,0.16475095785440613
75,0.08710801393728224,0.1685823754789272
76,0.08826945412311266,0.1724137931034483
77,0.08943089430894309,0.17624521072796934
78,0.09059233449477352,0.18007662835249041
79,0.09175377468060394,0.1839080459770115
80,0.09291521486643438,0.18773946360153257
81,0.09407665505226481,0.19157088122605365
82,0.09523809523809523,0.19540229885057472
83,0.09639953542392567,0.19923371647509577
84,0.0975609756097561,0.20306513409961685
85,0.09872241579558652,0.20689655172413793
86,0.09988385598141696,0.210727969348659
87,0.10104529616724739,0.210727969348659
88,0.10220673635307782,0.210727969348659
89,0.10336817653890824,0.210727969348659
90,0.10452961672473868,0.210727969348659
91,0.10569105691056911,0.210727969348659
92,0.10685249709639953,0.210727969348659
93,0.10801393728222997,0.210727969348659
94,0.1091753774680604,0.210727969348659
95,0.11033681765389082,0.210727969348659
96,0.11149825783972125,0.210727969348659
97,0.11265969802555169,0.210727969348659
98,0.11382113821138211,0.210727969348659
99,0.11498257839721254,0.210727969348659
100,0.11614401858304298,0.210727969348659
101,0.1173054587688734,0.210727969348659
102,0.11846689895470383,0.210727969348659
103,0.11962833914053426,0.210727969348659
104,0.1207897793263647,0.210727969348659
105,0.12195121951219512,0.210727969348659
106,0.12311265969802555,0.210727969348659
107,0.12427409988385599,0.210727969348659
108,0.1254355400696864,0.210727969348659
109,0.12659698025551683,0.210727969348659
110,0.12775842044134728,0.210727969348659
111,0.1289198606271777,0.210727969348659
112,0.13008130081300814,0.210727969348659
113,0.13124274099883856,0.210727969348659
114,0.13240418118466898,0.210727969348659
115,0.13356562137049943,0.210727969348659
116,0.13472706155632985,0.210727969348659
117,0.13588850174216027,0.210727969348659
118,0.13704994192799072,0.210727969348659
119,0.13821138211382114,0.210727969348659
120,0.13937282229965156,0.210727969348659
121,0.140534262485482,0.210727969348659
122,0.14169570267131243,0.210727969348659
123,0.14285714285714285,0.210727969348659
124,0.1440185830429733,0.21455938697318008
125,0.14518002322880372,0.21839080459770116
126,0.14634146341463414,0.2222222222222222
127,0.14750290360046459,0.2260536398467433
128,0.148664343786295,0.22988505747126436
129,0.14982578397212543,0.23371647509578544
130,0.15098722415795587,0.23754789272030652
131,0.1521486643437863,0.2413793103448276
132,0.15331010452961671,0.24521072796934865
133,0.15447154471544716,0.24521072796934865
134,0.15563298490127758,0.24904214559386972
135,0.156794425087108,0.25287356321839083
136,0.15795586527293845,0.2567049808429119
137,0.15911730545876887,0.26053639846743293
138,0.1602787456445993,0.26436781609195403
139,0.16144018583042974,0.26436781609195403
140,0.16260162601626016,0.26436781609195403
141,0.16376306620209058,0.26436781609195403
142,0.16492450638792103,0.2681992337164751
143,0.16608594657375145,0.2720306513409962
144,0.1672473867595819,0.2720306513409962
145,0.16840882694541232,0.2720306513409962
146,0.16957026713124274,0.2720306513409962
147,0.17073170731707318,0.2720306513409962
148,0.1718931475029036,0.27586206896551724
149,0.17305458768873402,0.27586206896551724
150,0.17421602787456447,0.27586206896551724
151,0.1753774680603949,0.27586206896551724
152,0.1765389082462253,0.27586206896551724
153,0.17770034843205576,0.27586206896551724
154,0.17886178861788618,0.27586206896551724
155,0.1800232288037166,0.27586206896551724
156,0.18118466898954705,0.27586206896551724
157,0.18234610917537747,0.27586206896551724
158,0.1835075493612079,0.27586206896551724
159,0.18466898954703834,0.27586206896551724
160,0.18583042973286876,0.27586206896551724
161,0.18699186991869918,0.27586206896551724
162,0.18815331010452963,0.27586206896551724
163,0.18931475029036005,0.27586206896551724
164,0.19047619047619047,0.27586206896551724
165,0.1916376306620209,0.27586206896551724
166,0.19279907084785133,0.2796934865900383
167,0.19396051103368175,0.2796934865900383
168,0.1951219512195122,0.2796934865900383
169,0.19628339140534262,0.2796934865900383
170,0.19744483159117304,0.2796934865900383
171,0.1986062717770035,0.2796934865900383
172,0.1997677119628339,0.2796934865900383
173,0.20092915214866433,0.2796934865900383
174,0.20209059233449478,0.2796934865900383
175,0.2032520325203252,0.2796934865900383
176,0.20441347270615565,0.2835249042145594
177,0.20557491289198607,0.2835249042145594
178,0.2067363530778165,0.2835249042145594
179,0.20789779326364694,0.2835249042145594
180,0.20905923344947736,0.2835249042145594
181,0.21022067363530778,0.2835249042145594
182,0.21138211382113822,0.2835249042145594
183,0.21254355400696864,0.28735632183908044
184,0.21370499419279906,0.28735632183908044
185,0.2148664343786295,0.28735632183908044
186,0.21602787456445993,0.28735632183908044
187,0.21718931475029035,0.28735632183908044
188,0.2183507549361208,0.29118773946360155
189,0.21951219512195122,0.29118773946360155
190,0.22067363530778164,0.29118773946360155
191,0.2218350754936121,0.29118773946360155
192,0.2229965156794425,0.2950191570881226
193,0.22415795586527293,0.2950191570881226
194,0.22531939605110338,0.2950191570881226
195,0.2264808362369338,0.2950191570881226
196,0.22764227642276422,0.2950191570881226
197,0.22880371660859466,0.2950191570881226
198,0.22996515679442509,0.2988505747126437
199,0.2311265969802555,0.30268199233716475
200,0.23228803716608595,0.3065134099616858
201,0.23344947735191637,0.3103448275862069
202,0.2346109175377468,0.31417624521072796
203,0.23577235772357724,0.31800766283524906
204,0.23693379790940766,0.31800766283524906
205,0.23809523809523808,0.31800766283524906
206,0.23925667828106853,0.3218390804597701
207,0.24041811846689895,0.32567049808429116
208,0.2415795586527294,0.32950191570881227
209,0.24274099883855982,0.32950191570881227
210,0.24390243902439024,0.3333333333333333
211,0.2450638792102207,0.3333333333333333
212,0.2462253193960511,0.3333333333333333
213,0.24738675958188153,0.3333333333333333
214,0.24854819976771197,0.3371647509578544
215,0.2497096399535424,0.34099616858237547
216,0.2508710801393728,0.34099616858237547
217,0.25203252032520324,0.3448275862068966
218,0.25319396051103366,0.3448275862068966
219,0.25435540069686413,0.3486590038314176
220,0.25551684088269455,0.3486590038314176
221,0.25667828106852497,0.3524904214559387
222,0.2578397212543554,0.3524904214559387
223,0.2590011614401858,0.3524904214559387
224,0.2601626016260163,0.3563218390804598
225,0.2613240418118467,0.36015325670498083
226,0.26248548199767713,0.36398467432950193
227,0.26364692218350755,0.367816091954023
228,0.26480836236933797,0.3716475095785441
229,0.2659698025551684,0.37547892720306514
230,0.26713124274099886,0.3793103448275862
231,0.2682926829268293,0.3831417624521073
232,0.2694541231126597,0.3831417624521073
233,0.2706155632984901,0.38697318007662834
234,0.27177700348432055,0.39080459770114945
235,0.27293844367015097,0.3946360153256705
236,0.27409988385598144,0.3946360153256705
237,0.27526132404181186,0.3946360153256705
238,0.2764227642276423,0.3946360153256705
239,0.2775842044134727,0.3946360153256705
240,0.2787456445993031,0.3946360153256705
241,0.27990708478513354,0.3946360153256705
242,0.281068524970964,0.3946360153256705
243,0.28222996515679444,0.3946360153256705
244,0.28339140534262486,0.3946360153256705
245,0.2845528455284553,0.39846743295019155
246,0.2857142857142857,0.39846743295019155
247,0.2868757259001161,0.40229885057471265
248,0.2880371660859466,0.40229885057471265
249,0.289198606271777,0.40229885057471265
250,0.29036004645760743,0.4061302681992337
251,0.29152148664343785,0.4061302681992337
252,0.2926829268292683,0.4061302681992337
253,0.2938443670150987,0.4061302681992337
254,0.29500580720092917,0.4061302681992337
255,0.2961672473867596,0.4061302681992337
256,0.29732868757259,0.4099616858237548
257,0.29849012775842043,0.4099616858237548
258,0.29965156794425085,0.4099616858237548
259,0.3008130081300813,0.4099616858237548
260,0.30197444831591175,0.41379310344827586
261,0.30313588850174217,0.41762452107279696
262,0.3042973286875726,0.421455938697318
263,0.305458768873403,0.42528735632183906
264,0.30662020905923343,0.42528735632183906
265,0.3077816492450639,0.42911877394636017
266,0.3089430894308943,0.42911877394636017
267,0.31010452961672474,0.42911877394636017
268,0.31126596980255516,0.42911877394636017
269,0.3124274099883856,0.42911877394636017
270,0.313588850174216,0.42911877394636017
271,0.3147502903600465,0.42911877394636017
272,0.3159117305458769,0.42911877394636017
273,0.3170731707317073,0.4329501915708812
274,0.31823461091753774,0.4329501915708812
275,0.31939605110336816,0.4329501915708812
276,0.3205574912891986,0.4329501915708812
277,0.32171893147502906,0.4329501915708812
278,0.3228803716608595,0.4329501915708812
279,0.3240418118466899,0.4329501915708812
280,0.3252032520325203,0.4329501915708812
281,0.32636469221835074,0.4329501915708812
282,0.32752613240418116,0.4329501915708812
283,0.32868757259001163,0.4329501915708812
284,0.32984901277584205,0.4329501915708812
285,0.3310104529616725,0.4367816091954023
286,0.3321718931475029,0.4367816091954023
287,0.3333333333333333,0.4367816091954023
288,0.3344947735191638,0.4367816091954023
289,0.3356562137049942,0.44061302681992337
290,0.33681765389082463,0.44061302681992337
291,0.33797909407665505,0.4444444444444444
292,0.33914053426248547,0.4444444444444444
293,0.3403019744483159,0.4444444444444444
294,0.34146341463414637,0.4444444444444444
295,0.3426248548199768,0.4444444444444444
296,0.3437862950058072,0.4444444444444444
297,0.34494773519163763,0.4482758620689655
298,0.34610917537746805,0.4482758620689655
299,0.34727061556329847,0.4482758620689655
300,0.34843205574912894,0.4521072796934866
301,0.34959349593495936,0.4521072796934866
302,0.3507549361207898,0.4521072796934866
303,0.3519163763066202,0.4521072796934866
304,0.3530778164924506,0.4521072796934866
305,0.35423925667828104,0.4521072796934866
306,0.3554006968641115,0.4521072796934866
307,0.35656213704994194,0.4521072796934866
308,0.35772357723577236,0.4521072796934866
309,0.3588850174216028,0.4521072796934866
310,0.3600464576074332,0.4521072796934866
311,0.3612078977932636,0.4521072796934866
312,0.3623693379790941,0.4521072796934866
313,0.3635307781649245,0.4521072796934866
314,0.36469221835075494,0.4521072796934866
315,0.36585365853658536,0.4521072796934866
316,0.3670150987224158,0.4521072796934866
317,0.3681765389082462,0.4521072796934866
318,0.3693379790940767,0.4521072796934866
319,0.3704994192799071,0.4521072796934866
320,0.3716608594657375,0.4559386973180077
321,0.37282229965156793,0.4559386973180077
322,0.37398373983739835,0.4559386973180077
323,0.37514518002322883,0.45977011494252873
324,0.37630662020905925,0.45977011494252873
325,0.37746806039488967,0.45977011494252873
326,0.3786295005807201,0.46360153256704983
327,0.3797909407665505,0.46360153256704983
328,0.38095238095238093,0.46360153256704983
329,0.3821138211382114,0.46360153256704983
330,0.3832752613240418,0.46360153256704983
331,0.38443670150987225,0.4674329501915709
332,0.38559814169570267,0.4674329501915709
333,0.3867595818815331,0.47126436781609193
334,0.3879210220673635,0.47509578544061304
335,0.389082462253194,0.47509578544061304
336,0.3902439024390244,0.4789272030651341
337,0.3914053426248548,0.4789272030651341
338,0.39256678281068524,0.4789272030651341
339,0.39372822299651566,0.4789272030651341
340,0.3948896631823461,0.4789272030651341
341,0.39605110336817656,0.4827586206896552
342,0.397212543554007,0.48659003831417624
343,0.3983739837398374,0.4904214559386973
344,0.3995354239256678,0.4942528735632184
345,0.40069686411149824,0.4942528735632184
346,0.40185830429732866,0.49808429118773945
347,0.40301974448315914,0.5019157088122606
348,0.40418118466898956,0.5057471264367817
349,0.40534262485482,0.5057471264367817
350,0.4065040650406504,0.5095785440613027
351,0.4076655052264808,0.5134099616858238
352,0.4088269454123113,0.5172413793103449
353,0.4099883855981417,0.5210727969348659
354,0.41114982578397213,0.5210727969348659
355,0.41231126596980255,0.524904214559387
356,0.413472706155633,0.524904214559387
357,0.4146341463414634,0.524904214559387
358,0.41579558652729387,0.524904214559387
359,0.4169570267131243,0.5287356321839081
360,0.4181184668989547,0.5325670498084292
361,0.41927990708478513,0.5325670498084292
362,0.42044134727061555,0.5325670498084292
363,0.42160278745644597,0.5325670498084292
364,0.42276422764227645,0.5325670498084292
365,0.42392566782810687,0.5325670498084292
366,0.4250871080139373,0.5325670498084292
367,0.4262485481997677,0.5325670498084292
368,0.4274099883855981,0.5325670498084292
369,0.42857142857142855,0.5325670498084292
370,0.429732868757259,0.5325670498084292
371,0.43089430894308944,0.5363984674329502
372,0.43205574912891986,0.5363984674329502
373,0.4332171893147503,0.5402298850574713
374,0.4343786295005807,0.5440613026819924
375,0.4355400696864111,0.5478927203065134
376,0.4367015098722416,0.5517241379310345
377,0.437862950058072,0.5517241379310345
378,0.43902439024390244,0.5555555555555556
379,0.44018583042973286,0.5555555555555556
380,0.4413472706155633,0.5593869731800766
381,0.4425087108013937,0.5593869731800766
382,0.4436701509872242,0.5593869731800766
383,0.4448315911730546,0.5593869731800766
384,0.445993031358885,0.5593869731800766
385,0.44715447154471544,0.5593869731800766
386,0.44831591173054586,0.5632183908045977
387,0.44947735191637633,0.5632183908045977
388,0.45063879210220675,0.5632183908045977
389,0.4518002322880372,0.5632183908045977
390,0.4529616724738676,0.5632183908045977
391,0.454123112659698,0.5632183908045977
392,0.45528455284552843,0.5632183908045977
393,0.4564459930313589,0.5632183908045977
394,0.45760743321718933,0.5632183908045977
395,0.45876887340301975,0.5670498084291188
396,0.45993031358885017,0.5670498084291188
397,0.4610917537746806,0.5670498084291188
398,0.462253193960511,0.5670498084291188
399,0.4634146341463415,0.5670498084291188
400,0.4645760743321719,0.5670498084291188
401,0.4657375145180023,0.5670498084291188
402,0.46689895470383275,0.5670498084291188
403,0.46806039488966317,0.5670498084291188
404,0.4692218350754936,0.5670498084291188
405,0.47038327526132406,0.5670498084291188
406,0.4715447154471545,0.5670498084291188
407,0.4727061556329849,0.5670498084291188
408,0.4738675958188153,0.5670498084291188
409,0.47502903600464574,0.5670498084291188
410,0.47619047619047616,0.5670498084291188
411,0.47735191637630664,0.5708812260536399
412,0.47851335656213706,0.5708812260536399
413,0.4796747967479675,0.5708812260536399
414,0.4808362369337979,0.5747126436781609
415,0.4819976771196283,0.5747126436781609
416,0.4831591173054588,0.5747126436781609
417,0.4843205574912892,0.5747126436781609
418,0.48548199767711964,0.5747126436781609
419,0.48664343786295006,0.5747126436781609
420,0.4878048780487805,0.5747126436781609
421,0.4889663182346109,0.5747126436781609
422,0.4901277584204414,0.5747126436781609
423,0.4912891986062718,0.578544061302682
424,0.4924506387921022,0.578544061302682
425,0.49361207897793263,0.578544061302682
426,0.49477351916376305,0.5823754789272031
427,0.4959349593495935,0.5823754789272031
428,0.49709639953542395,0.5823754789272031
429,0.49825783972125437,0.5823754789272031
430,0.4994192799070848,0.5823754789272031
431,0.5005807200929152,0.5823754789272031
432,0.5017421602787456,0.5862068965517241
433,0.502903600464576,0.5862068965517241
434,0.5040650406504065,0.5862068965517241
435,0.5052264808362369,0.5862068965517241
436,0.5063879210220673,0.5862068965517241
437,0.5075493612078978,0.5862068965517241
438,0.5087108013937283,0.5862068965517241
439,0.5098722415795587,0.5862068965517241
440,0.5110336817653891,0.5862068965517241
441,0.5121951219512195,0.5900383141762452
442,0.5133565621370499,0.5900383141762452
443,0.5145180023228804,0.5900383141762452
444,0.5156794425087108,0.5900383141762452
445,0.5168408826945412,0.5900383141762452
446,0.5180023228803716,0.5938697318007663
447,0.519163763066202,0.5938697318007663
448,0.5203252032520326,0.5938697318007663
449,0.521486643437863,0.5938697318007663
450,0.5226480836236934,0.5938697318007663
451,0.5238095238095238,0.5938697318007663
452,0.5249709639953543,0.5938697318007663
453,0.5261324041811847,0.5938697318007663
454,0.5272938443670151,0.5938697318007663
455,0.5284552845528455,0.5938697318007663
456,0.5296167247386759,0.5977011494252874
457,0.5307781649245064,0.5977011494252874
458,0.5319396051103368,0.5977011494252874
459,0.5331010452961672,0.6015325670498084
460,0.5342624854819977,0.6015325670498084
461,0.5354239256678281,0.6015325670498084
462,0.5365853658536586,0.6015325670498084
463,0.537746806039489,0.6053639846743295
464,0.5389082462253194,0.6053639846743295
465,0.5400696864111498,0.6053639846743295
466,0.5412311265969802,0.6053639846743295
467,0.5423925667828107,0.6091954022988506
468,0.5435540069686411,0.6091954022988506
469,0.5447154471544715,0.6130268199233716
470,0.5458768873403019,0.6130268199233716
471,0.5470383275261324,0.6168582375478927
472,0.5481997677119629,0.6168582375478927
473,0.5493612078977933,0.6168582375478927
474,0.5505226480836237,0.6168582375478927
475,0.5516840882694541,0.6206896551724138
476,0.5528455284552846,0.6206896551724138
477,0.554006968641115,0.6206896551724138
478,0.5551684088269454,0.6206896551724138
479,0.5563298490127758,0.6206896551724138
480,0.5574912891986062,0.6206896551724138
481,0.5586527293844367,0.6245210727969349
482,0.5598141695702671,0.6245210727969349
483,0.5609756097560976,0.6245210727969349
484,0.562137049941928,0.6245210727969349
485,0.5632984901277585,0.6283524904214559
486,0.5644599303135889,0.632183908045977
487,0.5656213704994193,0.632183908045977
488,0.5667828106852497,0.632183908045977
489,0.5679442508710801,0.632183908045977
490,0.5691056910569106,0.632183908045977
491,0.570267131242741,0.632183908045977
492,0.5714285714285714,0.632183908045977
493,0.5725900116144018,0.632183908045977
494,0.5737514518002322,0.6360153256704981
495,0.5749128919860628,0.6360153256704981
496,0.5760743321718932,0.6398467432950191
497,0.5772357723577236,0.6436781609195402
498,0.578397212543554,0.6436781609195402
499,0.5795586527293844,0.6475095785440613
500,0.5807200929152149,0.6475095785440613
501,0.5818815331010453,0.6475095785440613
502,0.5830429732868757,0.6513409961685823
503,0.5842044134727061,0.6513409961685823
504,0.5853658536585366,0.6551724137931034
505,0.586527293844367,0.6551724137931034
506,0.5876887340301974,0.6551724137931034
507,0.5888501742160279,0.6551724137931034
508,0.5900116144018583,0.6590038314176245
509,0.5911730545876888,0.6628352490421456
510,0.5923344947735192,0.6666666666666666
511,0.5934959349593496,0.6666666666666666
512,0.59465737514518,0.6666666666666666
513,0.5958188153310104,0.6666666666666666
514,0.5969802555168409,0.6666666666666666
515,0.5981416957026713,0.6704980842911877
516,0.5993031358885017,0.6704980842911877
517,0.6004645760743321,0.6743295019157088
518,0.6016260162601627,0.6781609195402298
519,0.6027874564459931,0.6781609195402298
520,0.6039488966318235,0.6781609195402298
521,0.6051103368176539,0.6819923371647509
522,0.6062717770034843,0.6819923371647509
523,0.6074332171893148,0.6819923371647509
524,0.6085946573751452,0.6819923371647509
525,0.6097560975609756,0.685823754789272
526,0.610917537746806,0.685823754789272
527,0.6120789779326364,0.6896551724137931
528,0.6132404181184669,0.6934865900383141
529,0.6144018583042973,0.6934865900383141
530,0.6155632984901278,0.6934865900383141
531,0.6167247386759582,0.6973180076628352
532,0.6178861788617886,0.7011494252873564
533,0.6190476190476191,0.7049808429118773
534,0.6202090592334495,0.7049808429118773
535,0.6213704994192799,0.7088122605363985
536,0.6225319396051103,0.7088122605363985
537,0.6236933797909407,0.7126436781609196
538,0.6248548199767712,0.7126436781609196
539,0.6260162601626016,0.7164750957854407
540,0.627177700348432,0.7203065134099617
541,0.6283391405342624,0.7203065134099617
542,0.629500580720093,0.7203065134099617
543,0.6306620209059234,0.7203065134099617
544,0.6318234610917538,0.7241379310344828
545,0.6329849012775842,0.7241379310344828
546,0.6341463414634146,0.7241379310344828
547,0.6353077816492451,0.7279693486590039
548,0.6364692218350755,0.7318007662835249
549,0.6376306620209059,0.7318007662835249
550,0.6387921022067363,0.7318007662835249
551,0.6399535423925667,0.735632183908046
552,0.6411149825783972,0.7394636015325671
553,0.6422764227642277,0.7432950191570882
554,0.6434378629500581,0.7432950191570882
555,0.6445993031358885,0.7471264367816092
556,0.645760743321719,0.7471264367816092
557,0.6469221835075494,0.7509578544061303
558,0.6480836236933798,0.7547892720306514
559,0.6492450638792102,0.7547892720306514
560,0.6504065040650406,0.7547892720306514
561,0.6515679442508711,0.7547892720306514
562,0.6527293844367015,0.7586206896551724
563,0.6538908246225319,0.7586206896551724
564,0.6550522648083623,0.7586206896551724
565,0.6562137049941928,0.7624521072796935
566,0.6573751451800233,0.7662835249042146
567,0.6585365853658537,0.7701149425287356
568,0.6596980255516841,0.7739463601532567
569,0.6608594657375145,0.7777777777777778
570,0.662020905923345,0.7777777777777778
571,0.6631823461091754,0.7816091954022989
572,0.6643437862950058,0.7816091954022989
573,0.6655052264808362,0.7816091954022989
574,0.6666666666666666,0.7854406130268199
575,0.667828106852497,0.7854406130268199
576,0.6689895470383276,0.7854406130268199
577,0.670150987224158,0.7854406130268199
578,0.6713124274099884,0.7854406130268199
579,0.6724738675958188,0.789272030651341
580,0.6736353077816493,0.7931034482758621
581,0.6747967479674797,0.7931034482758621
582,0.6759581881533101,0.7931034482758621
583,0.6771196283391405,0.7931034482758621
584,0.6782810685249709,0.7931034482758621
585,0.6794425087108014,0.7931034482758621
586,0.6806039488966318,0.7931034482758621
587,0.6817653890824622,0.7931034482758621
588,0.6829268292682927,0.7931034482758621
589,0.6840882694541232,0.7931034482758621
590,0.6852497096399536,0.7931034482758621
591,0.686411149825784,0.7931034482758621
592,0.6875725900116144,0.7931034482758621
593,0.6887340301974448,0.7931034482758621
594,0.6898954703832753,0.7931034482758621
595,0.6910569105691057,0.7931034482758621
596,0.6922183507549361,0.7969348659003831
597,0.6933797909407665,0.7969348659003831
598,0.6945412311265969,0.7969348659003831
599,0.6957026713124274,0.7969348659003831
600,0.6968641114982579,0.7969348659003831
601,0.6980255516840883,0.7969348659003831
602,0.6991869918699187,0.7969348659003831
603,0.7003484320557491,0.7969348659003831
604,0.7015098722415796,0.7969348659003831
605,0.70267131242741,0.7969348659003831
606,0.7038327526132404,0.7969348659003831
607,0.7049941927990708,0.7969348659003831
608,0.7061556329849012,0.7969348659003831
609,0.7073170731707317,0.7969348659003831
610,0.7084785133565621,0.7969348659003831
611,0.7096399535423926,0.7969348659003831
612,0.710801393728223,0.7969348659003831
613,0.7119628339140535,0.7969348659003831
614,0.7131242740998839,0.7969348659003831
615,0.7142857142857143,0.7969348659003831
616,0.7154471544715447,0.7969348659003831
617,0.7166085946573751,0.7969348659003831
618,0.7177700348432056,0.7969348659003831
619,0.718931475029036,0.7969348659003831
620,0.7200929152148664,0.7969348659003831
621,0.7212543554006968,0.7969348659003831
622,0.7224157955865272,0.7969348659003831
623,0.7235772357723578,0.7969348659003831
624,0.7247386759581882,0.8007662835249042
625,0.7259001161440186,0.8007662835249042
626,0.727061556329849,0.8007662835249042
627,0.7282229965156795,0.8045977011494253
628,0.7293844367015099,0.8045977011494253
629,0.7305458768873403,0.8045977011494253
630,0.7317073170731707,0.8045977011494253
631,0.7328687572590011,0.8045977011494253
632,0.7340301974448316,0.8045977011494253
633,0.735191637630662,0.8084291187739464
634,0.7363530778164924,0.8084291187739464
635,0.7375145180023229,0.8084291187739464
636,0.7386759581881533,0.8084291187739464
637,0.7398373983739838,0.8084291187739464
638,0.7409988385598142,0.8122605363984674
639,0.7421602787456446,0.8122605363984674
640,0.743321718931475,0.8160919540229885
641,0.7444831591173054,0.8160919540229885
642,0.7456445993031359,0.8160919540229885
643,0.7468060394889663,0.8160919540229885
644,0.7479674796747967,0.8160919540229885
645,0.7491289198606271,0.8160919540229885
646,0.7502903600464577,0.8160919540229885
647,0.7514518002322881,0.8160919540229885
648,0.7526132404181185,0.8160919540229885
649,0.7537746806039489,0.8160919540229885
650,0.7549361207897793,0.8160919540229885
651,0.7560975609756098,0.8160919540229885
652,0.7572590011614402,0.8160919540229885
653,0.7584204413472706,0.8160919540229885
654,0.759581881533101,0.8160919540229885
655,0.7607433217189314,0.8160919540229885
656,0.7619047619047619,0.8199233716475096
657,0.7630662020905923,0.8199233716475096
658,0.7642276422764228,0.8199233716475096
659,0.7653890824622532,0.8199233716475096
660,0.7665505226480837,0.8237547892720306
661,0.7677119628339141,0.8237547892720306
662,0.7688734030197445,0.8237547892720306
663,0.7700348432055749,0.8237547892720306
664,0.7711962833914053,0.8237547892720306
665,0.7723577235772358,0.8237547892720306
666,0.7735191637630662,0.8237547892720306
667,0.7746806039488966,0.8237547892720306
668,0.775842044134727,0.8237547892720306
669,0.7770034843205574,0.8237547892720306
670,0.778164924506388,0.8275862068965517
671,0.7793263646922184,0.8314176245210728
672,0.7804878048780488,0.8314176245210728
673,0.7816492450638792,0.8352490421455939
674,0.7828106852497096,0.8352490421455939
675,0.7839721254355401,0.8390804597701149
676,0.7851335656213705,0.842911877394636
677,0.7862950058072009,0.842911877394636
678,0.7874564459930313,0.842911877394636
679,0.7886178861788617,0.842911877394636
680,0.7897793263646922,0.842911877394636
681,0.7909407665505227,0.842911877394636
682,0.7921022067363531,0.842911877394636
683,0.7932636469221835,0.842911877394636
684,0.794425087108014,0.842911877394636
685,0.7955865272938444,0.842911877394636
686,0.7967479674796748,0.842911877394636
687,0.7979094076655052,0.842911877394636
688,0.7990708478513356,0.842911877394636
689,0.8002322880371661,0.8467432950191571
690,0.8013937282229965,0.8467432950191571
691,0.8025551684088269,0.8467432950191571
692,0.8037166085946573,0.8467432950191571
693,0.8048780487804879,0.8467432950191571
694,0.8060394889663183,0.8467432950191571
695,0.8072009291521487,0.8467432950191571
696,0.8083623693379791,0.8467432950191571
697,0.8095238095238095,0.8505747126436781
698,0.81068524970964,0.8544061302681992
699,0.8118466898954704,0.8544061302681992
700,0.8130081300813008,0.8544061302681992
701,0.8141695702671312,0.8544061302681992
702,0.8153310104529616,0.8544061302681992
703,0.81649245063879206,0.8544061302681992
704,0.8176538908246226,0.8544061302681992
705,0.818815331010453,0.8544061302681992
706,0.8199767711962834,0.8544061302681992
707,0.8211382113821138,0.8544061302681992
708,0.8222996515679443,0.8544061302681992
709,0.8234610917537747,0.8544061302681992
710,0.8246225319396051,0.8544061302681992
711,0.8257839721254355,0.8582375478927203
712,0.826945412311266,0.8582375478927203
713,0.8281068524970964,0.8582375478927203
714,0.8292682926829268,0.8582375478927203
715,0.8304297328687572,0.8582375478927203
716,0.8315911730545877,0.8582375478927203
717,0.8327526132404182,0.8582375478927203
718,0.8339140534262486,0.8582375478927203
719,0.835075493612079,0.8582375478927203
720,0.8362369337979094,0.8582375478927203
721,0.8373983739837398,0.8620689655172413
722,0.8385598141695703,0.8659003831417624
723,0.8397212543554007,0.8659003831417624
724,0.8408826945412311,0.8659003831417624
725,0.8420441347270615,0.8659003831417624
726,0.8432055749128919,0.8659003831417624
727,0.8443670150987224,0.8659003831417624
728,0.8455284552845529,0.8697318007662835
729,0.8466898954703833,0.8697318007662835
730,0.8478513356562137,0.8697318007662835
731,0.8490127758420442,0.8697318007662835
732,0.8501742160278746,0.8697318007662835
733,0.851335656213705,0.8697318007662835
734,0.8524970963995354,0.8735632183908046
735,0.8536585365853658,0.8735632183908046
736,0.8548199767711963,0.8735632183908046
737,0.8559814169570267,0.8735632183908046
738,0.8571428571428571,0.8735632183908046
739,0.8583042973286876,0.8735632183908046
740,0.859465737514518,0.8735632183908046
741,0.8606271777003485,0.8735632183908046
742,0.8617886178861789,0.8735632183908046
743,0.8629500580720093,0.8735632183908046
744,0.8641114982578397,0.8735632183908046
745,0.8652729384436701,0.8735632183908046
746,0.8664343786295006,0.8735632183908046
747,0.867595818815331,0.8773946360153256
748,0.8687572590011614,0.8773946360153256
749,0.8699186991869918,0.8773946360153256
750,0.8710801393728222,0.8773946360153256
751,0.8722415795586528,0.8773946360153256
752,0.8734030197444832,0.8812260536398467
753,0.8745644599303136,0.8812260536398467
754,0.875725900116144,0.8850574712643678
755,0.8768873403019745,0.8850574712643678
756,0.8780487804878049,0.8850574712643678
757,0.8792102206736353,0.8850574712643678
758,0.8803716608594657,0.8850574712643678
759,0.8815331010452961,0.8888888888888888
760,0.8826945412311266,0.8888888888888888
761,0.883855981416957,0.89272030651341
762,0.8850174216027874,0.89272030651341
763,0.8861788617886179,0.89272030651341
764,0.8873403019744484,0.89272030651341
765,0.8885017421602788,0.89272030651341
766,0.8896631823461092,0.89272030651341
767,0.8908246225319396,0.896551724137931
768,0.89198606271777,0.896551724137931
769,0.8931475029036005,0.896551724137931
770,0.8943089430894309,0.896551724137931
771,0.8954703832752613,0.896551724137931
772,0.8966318234610917,0.9003831417624522
773,0.8977932636469221,0.9042145593869731
774,0.8989547038327527,0.9042145593869731
775,0.9001161440185831,0.9042145593869731
776,0.9012775842044135,0.9042145593869731
777,0.9024390243902439,0.9042145593869731
778,0.9036004645760743,0.9042145593869731
779,0.9047619047619048,0.9042145593869731
780,0.9059233449477352,0.9080459770114943
781,0.9070847851335656,0.9080459770114943
782,0.908246225319396,0.9118773946360154
783,0.9094076655052264,0.9118773946360154
784,0.9105691056910569,0.9157088122605364
785,0.9117305458768873,0.9157088122605364
786,0.9128919860627178,0.9157088122605364
787,0.9140534262485482,0.9157088122605364
788,0.9152148664343787,0.9157088122605364
789,0.9163763066202091,0.9157088122605364
790,0.9175377468060395,0.9157088122605364
791,0.9186991869918699,0.9195402298850575
792,0.9198606271777003,0.9233716475095786
793,0.9210220673635308,0.9233716475095786
794,0.9221835075493612,0.9233716475095786
795,0.9233449477351916,0.9233716475095786
796,0.924506387921022,0.9233716475095786
797,0.9256678281068524,0.9233716475095786
798,0.926829268292683,0.9233716475095786
799,0.9279907084785134,0.9233716475095786
800,0.9291521486643438,0.9233716475095786
801,0.9303135888501742,0.9272030651340997
802,0.9314750290360047,0.9272030651340997
803,0.9326364692218351,0.9272030651340997
804,0.9337979094076655,0.9310344827586207
805,0.9349593495934959,0.9310344827586207
806,0.9361207897793263,0.9348659003831418
807,0.9372822299651568,0.9386973180076629
808,0.9384436701509872,0.9425287356321839
809,0.9396051103368177,0.9425287356321839
810,0.9407665505226481,0.9425287356321839
811,0.9419279907084785,0.946360153256705
812,0.943089430894309,0.946360153256705
813,0.9442508710801394,0.9501915708812261
814,0.9454123112659698,0.9501915708812261
815,0.9465737514518002,0.9501915708812261
816,0.9477351916376306,0.9501915708812261
817,0.9488966318234611,0.9501915708812261
818,0.9500580720092915,0.9501915708812261
819,0.9512195121951219,0.9501915708812261
820,0.9523809523809523,0.9501915708812261
821,0.9535423925667829,0.9501915708812261
822,0.9547038327526133,0.9501915708812261
823,0.9558652729384437,0.9540229885057471
824,0.9570267131242741,0.9540229885057471
825,0.9581881533101045,0.9540229885057471
826,0.959349593495935,0.9540229885057471
827,0.9605110336817654,0.9540229885057471
828,0.9616724738675958,0.9578544061302682
829,0.9628339140534262,0.9578544061302682
830,0.9639953542392566,0.9578544061302682
831,0.9651567944250871,0.9578544061302682
832,0.9663182346109176,0.9616858237547893
833,0.967479674796748,0.9616858237547893
834,0.9686411149825784,0.9655172413793104
835,0.9698025551684089,0.9655172413793104
836,0.9709639953542393,0.9693486590038314
837,0.9721254355400697,0.9693486590038314
838,0.9732868757259001,0.9693486590038314
839,0.9744483159117305,0.9693486590038314
840,0.975609756097561,0.9693486590038314
841,0.9767711962833914,0.9693486590038314
842,0.9779326364692218,0.9693486590038314
843,0.9790940766550522,0.9693486590038314
844,0.9802555168408827,0.9693486590038314
845,0.9814169570267132,0.9731800766283525
846,0.9825783972125436,0.9731800766283525
847,0.983739837398374,0.9770114942528736
848,0.9849012775842044,0.9808429118773946
849,0.9860627177700348,0.9808429118773946
850,0.9872241579558653,0.9808429118773946
851,0.9883855981416957,0.9846743295019157
852,0.9895470383275261,0.9846743295019157
853,0.9907084785133565,0.9846743295019157
854,0.991869918699187,0.9846743295019157
855,0.9930313588850174,0.9885057471264368
856,0.9941927990708479,0.9885057471264368
857,0.9953542392566783,0.9923371647509579
858,0.9965156794425087,0.9923371647509579
859,0.9976771196283392,0.9961685823754789
860,0.9988385598141696,1
861,1,1
